,June_S_1_S_12_so_R1,June_S_1_M_12_so_R1,June_S_1_D_12_so_R1,June_S_2_S_12_so_R1,June_S_2_M_12_so_R1,June_S_2_D_12_so_R1,June_S_3_S_12_so_R1,June_S_3_M_12_so_R1,June_S_3_D_12_so_R1,July_S_1_S_12_so_R1,July_S_1_M_12_so_R1,July_S_1_D_12_so_R1,July_S_2_S_12_so_R1,July_S_2_M_12_so_R1,July_S_2_D_12_so_R1,July_S_3_S_12_so_R1,Aug_S_1_S_12_so_R1,Aug_S_1_M_12_so_R1,Aug_S_1_D_12_so_R1,Aug_S_2_M_12_so_R1,Aug_S_2_D_12_so_R1,Aug_S_3_S_12_so_R1
PMCB01,NA,NA,NA,NA,NA,NA,NA,NA,NA,NA,NA,3.49575692152954,NA,NA,NA,NA,NA,NA,3.49575692152954,NA,NA,NA
20110800_E2S_1,NA,NA,NA,NA,NA,NA,NA,NA,NA,NA,NA,2.80524377823477,NA,NA,NA,NA,NA,NA,NA,NA,NA,NA
20170700_S25_25,NA,NA,1.59362574747574,NA,1.59362574747574,1.59362574747574,NA,NA,NA,NA,NA,1.59362574747574,NA,NA,1.59362574747574,NA,1.59362574747574,1.59362574747574,1.59362574747574,NA,NA,NA
20140700_E22_12,NA,NA,0.0807169959822244,0.0807169959822243,0.0807169959822244,0.0807169959822243,NA,0.0807169959822245,0.0807169959822244,0.0807169959822243,NA,0.0807169959822241,NA,NA,0.0807169959822245,NA,0.0807169959822242,0.0807169959822243,0.0807169959822243,0.0807169959822243,NA,NA
20150700_S23_3,2.76639584050224,2.76639584050224,2.76639584050224,2.76639584050224,2.76639584050224,2.76639584050224,2.76639584050224,2.76639584050224,2.76639584050224,2.76639584050224,2.76639584050224,2.76639584050224,2.76639584050224,2.76639584050224,2.76639584050224,NA,2.76639584050224,2.76639584050224,2.76639584050224,2.76639584050224,2.76639584050224,NA
20130700_C2X_13,NA,0.225590737869628,0.225590737869628,NA,0.225590737869628,0.225590737869628,0.225590737869628,0.225590737869628,0.225590737869628,NA,NA,0.225590737869628,NA,0.225590737869628,0.225590737869628,NA,0.225590737869628,0.225590737869628,0.225590737869628,0.225590737869628,0.225590737869628,NA
20110800_E2D_15,NA,NA,-0.316836979479419,NA,NA,-0.316836979479419,NA,NA,NA,NA,NA,-0.316836979479419,NA,NA,-0.316836979479419,NA,NA,NA,-0.316836979479419,NA,NA,NA
PLNE01,NA,NA,-0.240188619145701,NA,NA,-0.240188619145701,NA,NA,NA,NA,NA,-0.240188619145701,NA,NA,-0.240188619145701,NA,NA,NA,-0.240188619145701,NA,NA,NA
20120500_P26_8,NA,NA,-0.257787393947322,NA,NA,-0.257787393947322,NA,NA,NA,NA,NA,-0.257787393947322,NA,NA,-0.257787393947322,NA,NA,NA,-0.257787393947322,NA,NA,NA
20170700_E11_1,NA,NA,NA,2.48621466834899,2.48621466834899,NA,NA,NA,NA,2.48621466834899,2.48621466834899,2.48621466834899,NA,NA,NA,NA,2.48621466834899,NA,NA,NA,NA,NA
3300037134_11,2.88095795579753,2.88095795579753,NA,2.88095795579753,2.88095795579753,NA,NA,2.88095795579753,NA,2.88095795579753,2.88095795579753,2.88095795579753,2.88095795579753,2.88095795579753,NA,NA,2.88095795579753,NA,NA,2.88095795579753,2.88095795579753,NA
PLTT01,NA,NA,NA,NA,1.55361368831026,1.55361368831025,NA,NA,NA,1.55361368831026,NA,1.55361368831026,NA,NA,NA,NA,1.55361368831026,1.55361368831025,1.55361368831026,NA,1.55361368831026,NA
PLSR01,NA,NA,NA,NA,NA,NA,NA,NA,NA,NA,NA,4.95821906953049,NA,NA,NA,NA,NA,4.95821906953049,4.95821906953049,NA,4.95821906953049,NA
20120700_S3D_8,NA,NA,NA,NA,NA,NA,NA,NA,NA,NA,NA,4.63532789533621,NA,NA,NA,NA,NA,NA,4.63532789533621,NA,NA,NA
20170700_S33_33,NA,NA,NA,NA,NA,1.77123288740687,NA,NA,NA,NA,NA,1.77123288740687,NA,NA,NA,NA,1.77123288740687,1.77123288740687,1.77123288740687,NA,NA,NA
20110800_E2D_31,NA,NA,NA,NA,NA,NA,NA,NA,NA,NA,NA,0.991727876136203,NA,NA,NA,NA,NA,NA,NA,NA,NA,NA
PLTW01,NA,NA,2.02192892373484,NA,2.02192892373484,2.02192892373484,NA,2.02192892373484,2.02192892373484,NA,NA,2.02192892373484,NA,NA,2.02192892373484,NA,2.02192892373484,2.02192892373484,2.02192892373484,NA,NA,NA
20140700_S33_2,NA,NA,NA,NA,NA,NA,NA,-0.00581413834201773,-0.00581413834201771,NA,NA,NA,NA,NA,-0.00581413834201762,NA,NA,NA,NA,NA,NA,NA
20111000_S1D_3,1.06589974626504,1.06589974626504,NA,1.06589974626504,1.06589974626504,1.06589974626504,NA,1.06589974626504,1.06589974626504,1.06589974626504,1.06589974626504,1.06589974626504,1.06589974626504,1.06589974626504,1.06589974626504,NA,1.06589974626504,1.06589974626504,1.06589974626504,NA,1.06589974626504,NA
20150700_P14_7,NA,NA,NA,0.61775434217571,NA,NA,0.61775434217571,NA,NA,NA,NA,NA,NA,NA,NA,0.61775434217571,NA,NA,NA,NA,NA,0.61775434217571
20120600_E2D_21,NA,NA,NA,0.437812700456429,NA,NA,0.437812700456429,NA,NA,NA,NA,NA,NA,NA,NA,0.437812700456429,NA,NA,NA,NA,NA,NA
20110800_S3D_3,NA,NA,0.491255280821426,NA,NA,NA,NA,0.491255280821426,0.491255280821426,NA,NA,NA,NA,NA,0.491255280821426,NA,NA,NA,NA,NA,NA,NA
20140700_S31_9,NA,NA,NA,NA,NA,NA,0.418844827214005,NA,NA,NA,NA,NA,NA,NA,NA,0.418844827214005,NA,NA,NA,NA,NA,0.418844827214005
20110600_P3S_5,NA,NA,NA,0.537612405236194,NA,NA,0.537612405236194,NA,NA,0.537612405236194,NA,NA,0.537612405236194,NA,NA,0.537612405236194,0.537612405236194,NA,NA,NA,NA,0.537612405236194
20120500_P23_6,NA,NA,NA,NA,NA,NA,NA,NA,NA,NA,NA,NA,NA,NA,NA,NA,NA,NA,NA,NA,NA,0.316180360081337
20170700_S33_37,NA,0.74518794573125,NA,NA,0.745187945731249,NA,NA,0.745187945731249,0.745187945731249,NA,NA,0.745187945731249,NA,NA,0.745187945731249,NA,NA,0.745187945731249,NA,NA,0.745187945731249,NA
20110800_S3S_35,NA,NA,NA,0.400113194438183,NA,NA,0.400113194438183,NA,NA,0.400113194438183,NA,NA,NA,NA,NA,NA,NA,NA,NA,NA,NA,NA
20110600_P3S_13,NA,NA,0.471257894816965,NA,NA,NA,NA,NA,NA,NA,NA,NA,NA,NA,NA,NA,NA,NA,NA,NA,NA,NA
20170700_S25_36,-0.542322628383477,-0.542322628383477,-0.542322628383477,NA,-0.542322628383477,-0.542322628383477,-0.542322628383477,-0.542322628383477,-0.542322628383477,NA,NA,-0.542322628383477,-0.542322628383477,-0.542322628383477,-0.542322628383477,NA,-0.542322628383477,-0.542322628383477,-0.542322628383477,-0.542322628383477,NA,NA
20111000_S1D_14,-0.599251497217056,-0.599251497217056,-0.599251497217056,-0.599251497217056,-0.599251497217056,-0.599251497217057,-0.599251497217056,-0.599251497217056,-0.599251497217057,NA,NA,-0.599251497217057,NA,-0.599251497217056,-0.599251497217056,NA,NA,-0.599251497217056,-0.599251497217056,-0.599251497217056,NA,-0.599251497217056
20110800_S1S_3,-0.697939712933311,NA,NA,-0.69793971293331,-0.69793971293331,NA,-0.69793971293331,NA,NA,-0.697939712933311,-0.69793971293331,-0.697939712933311,-0.697939712933311,NA,NA,-0.697939712933311,-0.697939712933311,NA,NA,NA,NA,NA
20120700_S1D_43,-0.730604649656443,-0.730604649656443,-0.730604649656443,-0.730604649656443,-0.730604649656443,-0.730604649656443,-0.730604649656443,-0.730604649656443,-0.730604649656443,-0.730604649656443,-0.730604649656443,-0.730604649656443,-0.730604649656443,-0.730604649656443,-0.730604649656443,NA,-0.730604649656443,-0.730604649656443,-0.730604649656443,-0.730604649656443,-0.730604649656443,-0.730604649656443
20160700_S34_5,NA,NA,0.137996087516273,0.137996087516273,0.137996087516273,0.137996087516273,NA,0.137996087516273,NA,NA,NA,0.137996087516273,NA,0.137996087516273,0.137996087516273,NA,NA,NA,NA,NA,NA,NA
20130700_C2M_2,0.209462765792358,0.209462765792358,0.209462765792358,0.209462765792358,0.209462765792358,0.209462765792358,0.209462765792358,0.209462765792358,0.209462765792358,NA,NA,0.209462765792358,0.209462765792358,0.209462765792358,0.209462765792358,0.209462765792358,NA,0.209462765792358,NA,NA,NA,0.209462765792358
20110700_S3M_18,-0.169834524638245,-0.169834524638245,-0.169834524638245,NA,-0.169834524638245,-0.169834524638245,NA,NA,-0.169834524638245,-0.169834524638245,NA,-0.169834524638245,NA,-0.169834524638245,-0.169834524638245,NA,-0.169834524638245,-0.169834524638245,-0.169834524638245,NA,NA,NA
20110800_P3S_8,NA,NA,NA,NA,NA,NA,NA,NA,NA,NA,NA,NA,NA,NA,NA,NA,NA,NA,NA,NA,NA,-0.199880803568384
20170700_S33_22,NA,NA,NA,-0.0309791856127521,-0.0309791856127521,NA,-0.0309791856127522,-0.0309791856127519,-0.0309791856127522,NA,-0.0309791856127521,-0.0309791856127519,NA,-0.0309791856127521,-0.0309791856127521,NA,NA,-0.0309791856127523,NA,NA,NA,-0.0309791856127521
20130700_S3M_11,-0.0784114380835064,-0.0784114380835064,NA,-0.0784114380835064,-0.0784114380835064,NA,NA,-0.0784114380835063,NA,NA,-0.0784114380835064,-0.0784114380835065,NA,-0.0784114380835065,-0.0784114380835065,NA,NA,NA,NA,NA,NA,NA
20120600_P2M_9,-0.25106232375447,NA,NA,NA,NA,NA,NA,NA,NA,NA,NA,NA,NA,-0.25106232375447,NA,NA,NA,NA,NA,NA,NA,-0.25106232375447
PMST01,-0.265124707781445,NA,NA,NA,NA,NA,NA,NA,NA,NA,NA,NA,NA,NA,NA,NA,NA,NA,NA,NA,NA,-0.265124707781445
20120600_P3S_2,NA,NA,0.268160358577491,NA,NA,NA,NA,NA,NA,NA,NA,NA,NA,NA,NA,NA,NA,NA,NA,NA,NA,NA
20160700_P15_13,NA,NA,NA,NA,NA,NA,NA,NA,NA,NA,NA,NA,NA,NA,NA,NA,NA,NA,NA,NA,NA,-0.317037833440156
20120600_E1D_41,NA,NA,NA,NA,NA,-0.66135200423613,NA,NA,NA,NA,NA,-0.66135200423613,NA,NA,-0.66135200423613,NA,NA,NA,-0.66135200423613,NA,NA,NA
20120700_S1D_115,NA,NA,-0.743447573062926,NA,-0.743447573062926,-0.743447573062926,NA,-0.743447573062926,-0.743447573062926,NA,NA,-0.743447573062926,NA,NA,-0.743447573062926,NA,NA,-0.743447573062926,-0.743447573062926,NA,-0.743447573062926,NA
PMWT01,-11.4875192381232,-11.4070068308624,-12.115174750847,-11.6318803291151,-11.8338059478729,-11.4799320123775,-11.7041142111003,-11.5059097726639,-11.4811934082507,-11.623605721231,-11.4328604902532,-11.7240099777642,-11.7388813650619,-11.85765310928,-11.4375666467196,-11.3124095881746,-12.2529628135111,-11.3802982356136,-11.7221535532624,-11.5911236532331,-11.703731487772,-11.4970486799024
20120700_S3X_18,NA,NA,0.401095023327478,NA,NA,0.401095023327479,NA,NA,NA,NA,NA,0.401095023327479,NA,NA,0.401095023327479,NA,NA,NA,0.401095023327478,NA,NA,NA
20120600_E2D_28,-0.547784419419102,-0.547784419419102,-0.547784419419102,-0.547784419419102,-0.547784419419102,-0.547784419419102,NA,-0.547784419419102,NA,NA,-0.547784419419102,-0.547784419419102,NA,-0.547784419419102,-0.547784419419102,NA,NA,-0.547784419419102,-0.547784419419102,NA,NA,NA
20150700_P24_5,NA,NA,-0.58907823596593,NA,NA,NA,NA,NA,NA,NA,NA,NA,NA,NA,NA,NA,NA,NA,NA,NA,NA,NA
20160700_S13_16,-0.518703699136046,-0.518703699136046,NA,-0.518703699136046,-0.518703699136046,NA,NA,-0.518703699136046,-0.518703699136046,-0.518703699136046,-0.518703699136046,-0.518703699136046,NA,-0.518703699136046,NA,NA,-0.518703699136046,-0.518703699136046,NA,-0.518703699136046,-0.518703699136046,NA
20120700_S1X_2,NA,NA,-0.621335190771648,NA,NA,-0.621335190771648,NA,NA,NA,NA,NA,-0.621335190771648,NA,NA,-0.621335190771648,NA,-0.621335190771648,-0.621335190771648,-0.621335190771648,NA,NA,NA
20110800_S1D_5,NA,NA,-0.716715001524287,NA,NA,-0.716715001524287,NA,NA,NA,NA,NA,-0.716715001524287,NA,NA,-0.716715001524287,NA,-0.716715001524287,-0.716715001524287,-0.716715001524287,NA,NA,NA
20140700_E14_11,-11.3408726471877,-11.5837391787171,-11.5640776935589,-11.1880548908003,-11.7114565618785,-12.1003865250298,-11.5271621098242,-11.241693613158,-11.3214068784517,-11.2222797608793,-11.9204871192994,-11.5382013404208,-11.6319731918198,-11.617545569259,-11.6814989244213,-11.5491687092539,-11.1796238760783,-11.185157125512,-11.9715465873721,-11.6049151716112,-11.3088991661781,-11.6657524138652
20110800_E3D_9,NA,NA,-0.750677438570777,NA,NA,-0.750677438570776,NA,NA,NA,NA,NA,-0.750677438570776,NA,NA,-0.750677438570776,NA,-0.750677438570777,-0.750677438570776,-0.750677438570776,NA,NA,NA
20160700_S23_14,NA,NA,NA,NA,NA,NA,NA,0.200823675586096,NA,NA,NA,NA,NA,NA,0.200823675586096,NA,NA,NA,NA,NA,NA,NA
20110800_S1M_17,NA,NA,-0.513169585773764,NA,-0.513169585773764,-0.513169585773764,NA,-0.513169585773764,-0.513169585773764,NA,NA,-0.513169585773765,NA,NA,-0.513169585773764,NA,-0.513169585773764,-0.513169585773764,-0.513169585773764,NA,NA,NA
20170700_S34_26,NA,NA,-0.508426702794843,NA,NA,NA,NA,NA,NA,NA,NA,-0.508426702794843,NA,NA,-0.508426702794843,NA,NA,NA,-0.508426702794843,NA,NA,NA
20120700_S1D_66,NA,NA,NA,NA,-0.491561309505428,-0.491561309505428,NA,-0.491561309505428,-0.491561309505428,NA,NA,-0.491561309505428,NA,NA,NA,NA,NA,-0.491561309505428,-0.491561309505428,NA,NA,NA
20110800_S1M_32,NA,NA,-0.5970245015947,NA,NA,-0.597024501594699,NA,NA,NA,NA,NA,-0.597024501594699,NA,NA,-0.5970245015947,NA,NA,NA,NA,NA,NA,NA
20110800_S1S_1,-0.494915211124395,-0.494915211124395,NA,-0.494915211124395,-0.494915211124395,NA,-0.494915211124395,NA,NA,-0.494915211124395,-0.494915211124395,-0.494915211124395,-0.494915211124395,-0.494915211124395,-0.494915211124395,-0.494915211124395,-0.494915211124395,-0.494915211124395,NA,NA,NA,-0.494915211124395
20120600_S2M_9,-0.696222591795774,-0.696222591795774,NA,-0.696222591795774,-0.696222591795774,-0.696222591795774,-0.696222591795774,-0.696222591795774,-0.696222591795774,-0.696222591795774,-0.696222591795774,-0.696222591795774,-0.696222591795774,-0.696222591795774,-0.696222591795774,-0.696222591795774,-0.696222591795774,-0.696222591795774,-0.696222591795774,NA,-0.696222591795774,-0.696222591795774
PLRX01,NA,NA,-0.74937393020821,-0.74937393020821,-0.74937393020821,-0.74937393020821,NA,-0.74937393020821,-0.74937393020821,-0.74937393020821,NA,-0.74937393020821,NA,NA,-0.74937393020821,NA,-0.74937393020821,-0.74937393020821,-0.74937393020821,-0.74937393020821,-0.74937393020821,NA
3300037549_16,-0.56495621314561,-0.56495621314561,NA,-0.56495621314561,NA,NA,-0.56495621314561,NA,NA,-0.56495621314561,-0.56495621314561,-0.56495621314561,-0.56495621314561,-0.56495621314561,NA,-0.56495621314561,-0.56495621314561,NA,NA,NA,-0.56495621314561,NA
20170700_S33_13,-0.471479668227783,-0.471479668227783,-0.471479668227783,-0.471479668227783,-0.471479668227783,-0.471479668227783,NA,-0.471479668227783,-0.471479668227783,NA,NA,-0.471479668227783,-0.471479668227783,-0.471479668227783,-0.471479668227783,NA,NA,-0.471479668227783,-0.471479668227783,NA,NA,NA
20110700_P2D_26,-0.409622440478029,NA,NA,-0.409622440478029,NA,NA,-0.409622440478029,-0.409622440478029,-0.409622440478029,-0.409622440478029,NA,-0.409622440478029,-0.409622440478029,-0.409622440478029,NA,-0.409622440478029,-0.409622440478029,NA,NA,NA,NA,-0.409622440478029
PMLV01,NA,NA,NA,NA,NA,NA,-0.441751017032692,NA,NA,NA,NA,NA,NA,NA,NA,-0.441751017032692,NA,NA,NA,NA,NA,-0.441751017032692
20110800_S1S_9,-0.347589401127395,NA,NA,-0.347589401127395,NA,NA,NA,NA,NA,-0.347589401127395,-0.347589401127395,-0.347589401127395,-0.347589401127395,-0.347589401127395,NA,-0.347589401127395,-0.347589401127395,NA,NA,NA,NA,NA
20170700_S34_32,-0.244585569909191,-0.244585569909191,NA,-0.244585569909191,NA,NA,-0.244585569909191,NA,NA,-0.244585569909191,NA,-0.244585569909191,-0.244585569909191,-0.244585569909191,-0.244585569909191,-0.244585569909191,-0.244585569909191,NA,NA,NA,NA,-0.244585569909191
20120600_S3D_1,-11.7890224698308,-11.8730804577022,-11.8375948438755,-11.3111731694003,-11.5143646528831,-11.3796891206915,-11.5427041186219,-12.0934724479577,-11.6408536357501,-12.1069839708469,-11.6810805154647,-11.9034796206107,-12.0447938078782,-11.6963611023362,-11.4687265614008,-11.5583043980169,-11.5553524168525,-12.1649642464318,-11.440673274465,-11.8276418110691,-11.6958645934876,-11.7805344262447
20130700_S2S_8,-0.00317250116739106,-0.00317250116739113,NA,-0.00317250116739096,-0.00317250116739125,-0.00317250116739128,-0.00317250116739106,NA,NA,-0.00317250116739105,-0.00317250116739115,-0.00317250116739111,-0.00317250116739124,-0.00317250116739111,-0.00317250116739112,-0.00317250116739111,-0.00317250116739107,-0.00317250116739103,-0.00317250116739121,NA,-0.00317250116739121,-0.00317250116739111
20120700_S1S_3,-0.343122839516422,-0.343122839516422,NA,-0.343122839516422,-0.343122839516422,-0.343122839516422,-0.343122839516422,NA,NA,-0.343122839516422,-0.343122839516422,-0.343122839516422,-0.343122839516422,-0.343122839516422,-0.343122839516422,-0.343122839516422,-0.343122839516422,-0.343122839516422,NA,NA,NA,-0.343122839516422
20110800_S1S_6,-0.122738434034542,-0.122738434034542,NA,-0.122738434034542,-0.122738434034542,-0.122738434034542,-0.122738434034542,NA,NA,-0.122738434034542,-0.122738434034542,-0.122738434034542,-0.122738434034542,-0.122738434034542,-0.122738434034542,-0.122738434034542,-0.122738434034542,-0.122738434034543,-0.122738434034543,NA,-0.122738434034542,-0.122738434034542
20120700_S3X_22,NA,NA,NA,NA,NA,NA,NA,NA,NA,NA,NA,-0.422996674037885,NA,NA,NA,NA,NA,NA,NA,NA,NA,NA
20120700_S1D_96,-0.440809581709301,-0.440809581709301,NA,-0.440809581709301,-0.440809581709301,NA,-0.440809581709301,-0.440809581709301,-0.440809581709302,-0.440809581709302,-0.440809581709302,-0.440809581709301,-0.440809581709302,-0.440809581709302,-0.440809581709301,-0.440809581709301,-0.440809581709301,-0.440809581709301,NA,NA,-0.440809581709301,-0.440809581709301
PMTF01,NA,NA,NA,NA,NA,NA,NA,NA,NA,NA,NA,-0.690668819405401,NA,NA,NA,NA,NA,NA,NA,NA,NA,NA
20120500_P17_2,NA,NA,NA,NA,NA,NA,-0.74172287038387,-0.74172287038387,-0.74172287038387,NA,NA,-0.74172287038387,NA,NA,-0.74172287038387,-0.74172287038387,NA,NA,NA,NA,NA,NA
20140700_S31_6,-0.671580074274511,-0.671580074274511,NA,-0.671580074274511,-0.671580074274511,NA,-0.671580074274511,-0.671580074274511,NA,-0.671580074274511,-0.671580074274511,-0.671580074274511,-0.671580074274511,-0.671580074274511,NA,-0.671580074274511,-0.671580074274511,NA,NA,NA,NA,-0.671580074274511
20120600_S3D_7,-11.7312029719061,-11.7105441970602,-11.683850016612,-11.9014314122891,-11.1246605284449,-11.5847598369471,-11.8419754097596,-11.3204528210544,-11.5646549790727,-11.765124461618,-11.323031467808,-11.1760323893798,-11.560174007775,-11.8012823090958,-11.4639248985236,-11.3701706861123,-11.3946768661799,-11.3006195966396,-11.8651849344533,-11.8827359178297,-11.8834265418169,-11.7503874847565
20140700_S15_2,NA,NA,-0.410796560345563,-0.410796560345563,-0.410796560345563,-0.410796560345563,-0.410796560345563,-0.410796560345563,-0.410796560345563,-0.410796560345563,-0.410796560345563,-0.410796560345563,-0.410796560345563,-0.410796560345563,-0.410796560345563,NA,-0.410796560345563,-0.410796560345563,-0.410796560345563,-0.410796560345563,-0.410796560345563,NA
20130700_S3M_8,NA,NA,-0.438580019856727,-0.438580019856726,-0.438580019856726,NA,-0.438580019856726,-0.438580019856727,-0.438580019856726,NA,-0.438580019856726,-0.438580019856726,NA,NA,-0.438580019856726,-0.438580019856726,NA,-0.438580019856726,NA,NA,NA,NA
20130700_S3Z_17,NA,NA,-0.583422875096479,NA,-0.583422875096479,-0.583422875096479,NA,-0.583422875096479,NA,NA,NA,-0.583422875096479,NA,NA,-0.583422875096479,NA,NA,NA,NA,NA,NA,NA
20140700_S21_3,NA,NA,NA,NA,NA,NA,-0.438274636048382,-0.438274636048382,NA,NA,NA,-0.438274636048382,NA,NA,NA,-0.438274636048382,NA,NA,NA,NA,NA,-0.438274636048382
20120700_S1S_11,NA,NA,NA,-0.454283655564976,NA,NA,-0.454283655564976,NA,NA,-0.454283655564976,-0.454283655564976,-0.454283655564976,-0.454283655564976,NA,NA,-0.454283655564976,-0.454283655564976,NA,NA,NA,NA,-0.454283655564976
20160700_E21_3,-0.518986464611665,NA,NA,-0.518986464611665,NA,NA,-0.518986464611665,NA,NA,-0.518986464611665,-0.518986464611665,-0.518986464611665,-0.518986464611665,NA,NA,-0.518986464611665,-0.518986464611665,NA,NA,NA,NA,NA
20140700_S11_5,-11.667206993015,-12.0139897056989,-11.8627814124001,-11.5423573101338,-12.1085112223859,-11.7099350401986,-11.8598890870275,-11.6335092898908,-11.8483949447116,-11.9601397175376,-11.856981347583,-11.2362144369458,-11.5476697051559,-11.8240991827462,-11.6995878287595,-12.0567814591126,-11.5439044681562,-11.5912995743919,-12.3974209949663,-11.4917501389966,-11.8347076339028,-11.5068156171986
20170700_E11_3,-0.755851800873504,-0.755851800873504,NA,-0.755851800873504,-0.755851800873504,NA,NA,-0.755851800873504,NA,-0.755851800873504,-0.755851800873504,-0.755851800873504,-0.755851800873504,-0.755851800873504,NA,NA,-0.755851800873504,-0.755851800873504,-0.755851800873504,NA,-0.755851800873504,NA
20120600_S1S_4,-11.576994072298,-12.026840532764,-12.1619126117183,-11.7913978079318,-11.7909880517064,-11.4234533877227,-11.8949155834744,-11.5614972702938,-11.7139753361746,-11.457821079054,-12.1221052587126,-12.0829082610127,-11.8863950794142,-11.8731132611296,-11.4683899889607,-11.8972782128578,-11.1738781967,-11.8102195864777,-11.5124127365958,-11.9991840794569,-11.6382938802792,-11.5716423423124
20170700_S34_13,NA,NA,NA,NA,-0.560662500136752,-0.560662500136752,NA,NA,NA,NA,NA,-0.560662500136752,NA,NA,NA,NA,NA,-0.560662500136752,-0.560662500136752,NA,NA,NA
20120600_S2D_17,NA,NA,-0.440789337238013,-0.440789337238013,-0.440789337238013,-0.440789337238013,NA,-0.440789337238013,-0.440789337238013,-0.440789337238013,-0.440789337238013,-0.440789337238013,NA,NA,-0.440789337238013,NA,-0.440789337238013,-0.440789337238013,-0.440789337238013,-0.440789337238013,-0.440789337238013,NA
20170700_S34_2,NA,NA,NA,NA,NA,NA,NA,NA,NA,NA,NA,0.582327282356639,NA,NA,NA,NA,NA,NA,0.582327282356639,NA,NA,NA
20140700_S11_7,0.612985205422656,0.612985205422656,NA,0.612985205422656,0.612985205422656,0.612985205422656,0.612985205422656,0.612985205422656,0.612985205422656,0.612985205422656,0.612985205422656,0.612985205422656,0.612985205422656,0.612985205422656,0.612985205422656,0.612985205422656,0.612985205422656,0.612985205422656,0.612985205422656,NA,0.612985205422656,0.612985205422656
20111000_S3S_8,NA,NA,NA,-0.11046455668033,NA,NA,-0.11046455668033,NA,NA,-0.11046455668033,NA,-0.11046455668033,-0.11046455668033,NA,NA,-0.11046455668033,-0.11046455668033,NA,NA,NA,NA,NA
20120600_S2M_11,-0.116375114191323,-0.116375114191323,NA,-0.116375114191324,-0.116375114191323,NA,NA,NA,NA,-0.116375114191324,NA,-0.116375114191323,-0.116375114191323,-0.116375114191323,-0.116375114191323,NA,-0.116375114191324,-0.116375114191323,NA,NA,NA,NA
20110800_S1S_8,NA,NA,NA,-0.239073953875958,NA,NA,NA,NA,NA,-0.239073953875958,NA,-0.239073953875958,-0.239073953875958,NA,NA,-0.239073953875958,-0.239073953875958,NA,NA,NA,NA,NA
PLTN01,-0.659022695691113,-0.659022695691113,-0.659022695691113,-0.659022695691113,-0.659022695691113,-0.659022695691113,NA,-0.659022695691113,-0.659022695691113,NA,-0.659022695691113,-0.659022695691113,NA,-0.659022695691113,-0.659022695691113,NA,-0.659022695691113,-0.659022695691113,-0.659022695691113,-0.659022695691113,-0.659022695691113,NA
20120700_S1D_69,-0.643664817918856,-0.643664817918856,NA,-0.643664817918855,-0.643664817918856,-0.643664817918856,-0.643664817918856,-0.643664817918856,-0.643664817918856,-0.643664817918856,-0.643664817918856,-0.643664817918856,NA,-0.643664817918856,-0.643664817918856,-0.643664817918856,-0.643664817918856,-0.643664817918856,NA,NA,-0.643664817918856,-0.643664817918856
20140700_S21_17,-0.703667249931719,-0.703667249931719,NA,-0.703667249931719,-0.703667249931719,-0.703667249931719,-0.703667249931719,-0.703667249931719,-0.703667249931719,-0.703667249931719,-0.703667249931719,-0.703667249931719,-0.703667249931719,-0.703667249931719,-0.703667249931719,NA,-0.703667249931719,-0.703667249931719,-0.703667249931719,NA,-0.703667249931719,-0.703667249931719
20120500_P34_3,NA,NA,NA,NA,NA,NA,NA,NA,-0.0191750522537886,NA,NA,-0.0191750522537886,NA,NA,NA,NA,NA,NA,NA,NA,NA,NA
20120700_S1S_1,0.235486139255231,0.235486139255232,NA,0.235486139255231,0.235486139255231,NA,0.235486139255231,NA,NA,0.235486139255232,0.235486139255231,0.235486139255231,0.235486139255232,0.235486139255232,NA,0.235486139255231,0.235486139255231,NA,NA,NA,NA,0.235486139255231
20110800_S3S_12,0.244409337607517,NA,NA,0.244409337607517,NA,NA,0.244409337607517,NA,NA,0.244409337607517,0.244409337607517,0.244409337607517,0.244409337607517,0.244409337607517,0.244409337607517,0.244409337607517,0.244409337607517,0.244409337607517,NA,NA,NA,0.244409337607517
20111000_S3S_7,NA,NA,NA,0.165603543750457,NA,NA,0.165603543750457,NA,NA,0.165603543750457,NA,0.165603543750457,0.165603543750457,NA,NA,0.165603543750457,0.165603543750457,NA,NA,NA,NA,NA
20120700_S1D_28,NA,2.3023132890709,2.3023132890709,NA,2.3023132890709,2.3023132890709,NA,2.3023132890709,2.3023132890709,NA,2.3023132890709,2.3023132890709,NA,2.3023132890709,2.3023132890709,NA,NA,2.3023132890709,NA,2.3023132890709,2.3023132890709,NA
3300037149_6,NA,NA,NA,NA,NA,NA,NA,NA,NA,NA,NA,1.77749558553236,NA,NA,NA,NA,NA,NA,NA,NA,NA,NA
20111000_S2S_6,NA,NA,NA,NA,NA,NA,2.18566208194754,NA,NA,2.18566208194754,NA,2.18566208194754,NA,NA,NA,2.18566208194754,2.18566208194754,NA,NA,NA,NA,NA
3300037196_14,NA,NA,2.41225321358279,NA,NA,NA,NA,NA,NA,NA,NA,2.41225321358279,NA,NA,NA,NA,NA,2.41225321358279,2.41225321358279,2.41225321358279,NA,NA
3300037175_6,NA,NA,NA,NA,NA,2.38771652019223,NA,NA,NA,NA,NA,2.38771652019223,NA,NA,NA,NA,2.38771652019223,NA,2.38771652019223,NA,NA,NA
20110800_S3S_4,2.67529243604984,2.67529243604984,NA,2.67529243604984,NA,NA,2.67529243604984,NA,NA,2.67529243604984,2.67529243604984,2.67529243604984,2.67529243604984,2.67529243604984,NA,2.67529243604984,2.67529243604984,NA,NA,NA,NA,2.67529243604984
20170700_S25_23,NA,NA,2.27657560792553,NA,NA,NA,NA,NA,NA,NA,NA,2.27657560792553,NA,NA,NA,NA,NA,NA,NA,2.27657560792553,NA,NA
20140700_S36_11,NA,NA,2.66392617896927,NA,NA,2.66392617896927,NA,NA,NA,NA,NA,2.66392617896927,NA,NA,NA,NA,NA,NA,2.66392617896927,2.66392617896927,NA,NA
20120700_S1D_103,NA,NA,2.34873287901364,NA,NA,2.34873287901364,NA,NA,NA,NA,NA,2.34873287901364,NA,NA,2.34873287901364,NA,NA,2.34873287901364,2.34873287901364,NA,NA,NA
20120700_S1D_24,NA,NA,3.293068961592,NA,3.29306896159199,3.29306896159199,NA,3.29306896159199,3.293068961592,NA,NA,3.293068961592,NA,NA,3.29306896159199,NA,NA,3.29306896159199,3.293068961592,3.293068961592,3.293068961592,NA
20120700_S1D_26,NA,NA,NA,NA,1.9911363840526,1.9911363840526,NA,NA,NA,NA,NA,1.9911363840526,NA,NA,NA,NA,NA,1.9911363840526,1.9911363840526,NA,NA,NA
20120700_S1D_39,NA,2.35958334761745,NA,NA,NA,NA,NA,2.35958334761745,2.35958334761745,NA,NA,2.35958334761745,NA,NA,NA,NA,NA,NA,NA,NA,2.35958334761745,NA
20120700_S1D_30,NA,NA,NA,NA,NA,3.08385108893187,NA,3.08385108893187,3.08385108893187,NA,NA,3.08385108893187,NA,NA,3.08385108893187,NA,NA,3.08385108893187,NA,NA,NA,NA
20120700_S1D_73,NA,NA,2.93962810622918,NA,2.93962810622918,2.93962810622918,NA,NA,2.93962810622918,NA,NA,2.93962810622918,NA,NA,2.93962810622918,NA,NA,2.93962810622918,2.93962810622918,2.93962810622918,2.93962810622918,NA
PLSG01,NA,NA,NA,NA,NA,3.38521782244664,NA,NA,NA,NA,NA,3.38521782244664,NA,NA,NA,NA,NA,NA,NA,NA,NA,NA
20160700_E23_26,NA,NA,2.76790391656885,NA,NA,2.76790391656885,NA,NA,NA,NA,NA,2.76790391656885,NA,NA,2.76790391656885,NA,NA,NA,2.76790391656885,2.76790391656885,NA,NA
3300037349_9,0.995956128579186,NA,NA,0.995956128579187,NA,NA,NA,NA,NA,0.995956128579187,0.995956128579187,0.995956128579187,0.995956128579187,0.995956128579187,0.995956128579187,0.995956128579187,0.995956128579187,NA,NA,NA,NA,NA
3300037180_6,NA,NA,NA,NA,NA,NA,NA,NA,NA,NA,NA,NA,NA,NA,NA,NA,NA,NA,NA,NA,NA,0.370698461805129
PLTZ01,NA,NA,NA,NA,0.814206886735624,0.814206886735624,NA,0.814206886735624,NA,0.814206886735624,NA,0.814206886735624,NA,NA,0.814206886735624,NA,0.814206886735624,0.814206886735624,0.814206886735624,NA,NA,NA
PLXS01,NA,NA,0.66375145279951,NA,NA,NA,NA,NA,NA,NA,NA,0.66375145279951,NA,NA,0.66375145279951,NA,NA,NA,0.66375145279951,NA,NA,NA
20150700_S25_3,NA,NA,NA,NA,NA,NA,NA,NA,NA,NA,NA,-0.432246017905982,NA,NA,NA,NA,NA,NA,NA,NA,NA,NA
20120700_S1D_98,NA,-0.212965985457746,-0.212965985457746,NA,-0.212965985457746,-0.212965985457746,NA,-0.212965985457746,-0.212965985457746,-0.212965985457746,NA,-0.212965985457746,NA,-0.212965985457746,-0.212965985457746,NA,-0.212965985457746,-0.212965985457746,-0.212965985457746,-0.212965985457746,-0.212965985457746,NA
20120700_S1D_89,NA,NA,-0.367380093623222,NA,-0.367380093623222,-0.367380093623222,NA,NA,-0.367380093623222,NA,NA,-0.367380093623222,NA,NA,-0.367380093623222,NA,NA,-0.367380093623222,-0.367380093623222,-0.367380093623222,-0.367380093623222,NA
20170700_S24_4,NA,NA,-0.306371899303813,NA,-0.306371899303813,-0.306371899303813,NA,-0.306371899303813,-0.306371899303813,NA,NA,-0.306371899303813,NA,NA,-0.306371899303813,NA,-0.306371899303813,-0.306371899303813,-0.306371899303813,-0.306371899303813,-0.306371899303813,NA
20110800_S1S_18,-0.483328807978763,NA,NA,-0.483328807978763,NA,NA,-0.483328807978763,NA,NA,-0.483328807978763,NA,-0.483328807978763,-0.483328807978762,NA,NA,-0.483328807978763,-0.483328807978762,NA,NA,NA,NA,-0.483328807978762
20120700_S1D_29,-0.50727862922223,-0.50727862922223,-0.50727862922223,NA,-0.50727862922223,NA,NA,-0.50727862922223,NA,-0.50727862922223,-0.50727862922223,-0.50727862922223,NA,-0.50727862922223,NA,NA,NA,-0.50727862922223,NA,-0.50727862922223,NA,NA
20110800_S3D_14,NA,NA,NA,NA,NA,-0.561580491680832,NA,NA,-0.561580491680832,NA,NA,-0.561580491680832,NA,NA,-0.561580491680832,NA,NA,NA,NA,NA,NA,NA
20170700_S24_8,NA,NA,-0.576365006923462,NA,-0.576365006923462,NA,NA,-0.576365006923462,NA,NA,NA,-0.576365006923462,NA,NA,-0.576365006923462,NA,NA,-0.576365006923462,-0.576365006923462,-0.576365006923462,-0.576365006923462,NA
PLGF01,NA,NA,-0.33792806185467,NA,NA,-0.33792806185467,NA,-0.33792806185467,-0.33792806185467,-0.33792806185467,NA,-0.33792806185467,NA,NA,-0.33792806185467,NA,-0.33792806185467,-0.33792806185467,-0.33792806185467,-0.33792806185467,-0.33792806185467,NA
20170700_S25_32,NA,NA,-0.273940655987196,NA,-0.273940655987196,-0.273940655987195,NA,-0.273940655987196,-0.273940655987195,NA,NA,-0.273940655987195,NA,NA,-0.273940655987196,NA,NA,-0.273940655987196,-0.273940655987196,-0.273940655987195,-0.273940655987196,NA
20110700_S2D_14,NA,NA,NA,NA,NA,-0.140943533571433,NA,NA,NA,NA,NA,-0.140943533571433,NA,NA,-0.140943533571433,NA,NA,-0.140943533571433,-0.140943533571433,NA,NA,NA
20170700_S34_41,NA,NA,NA,NA,NA,-0.189233487755225,NA,NA,NA,NA,NA,-0.189233487755225,NA,NA,-0.189233487755225,NA,-0.189233487755225,-0.189233487755225,-0.189233487755225,NA,NA,NA
20120800_E1D_21,NA,NA,NA,NA,-0.139847961524564,-0.139847961524565,NA,NA,-0.139847961524565,-0.139847961524565,NA,-0.139847961524564,NA,NA,-0.139847961524564,NA,-0.139847961524565,-0.139847961524565,-0.139847961524565,NA,NA,NA
20170700_S34_36,NA,NA,NA,NA,NA,-0.30479002183078,NA,NA,NA,NA,NA,-0.30479002183078,NA,NA,NA,NA,NA,NA,-0.30479002183078,NA,NA,NA
20120700_S1D_61,NA,NA,-0.0226225917680181,NA,-0.0226225917680182,-0.0226225917680181,NA,-0.0226225917680182,-0.0226225917680181,NA,NA,-0.0226225917680181,NA,NA,-0.0226225917680182,NA,-0.022622591768018,-0.0226225917680181,-0.0226225917680181,NA,NA,NA
20120700_S2X_13,NA,NA,NA,NA,NA,-0.143368656871313,NA,NA,NA,NA,NA,-0.143368656871313,NA,NA,-0.143368656871313,NA,NA,NA,-0.143368656871313,NA,NA,NA
20160700_S11_6,-0.360317860375557,-0.360317860375557,NA,-0.360317860375557,-0.360317860375557,NA,-0.360317860375557,-0.360317860375557,NA,-0.360317860375557,-0.360317860375557,-0.360317860375557,-0.360317860375557,-0.360317860375557,-0.360317860375557,-0.360317860375557,NA,NA,NA,NA,-0.360317860375557,-0.360317860375557
3300036929_5,NA,NA,-0.648602912774909,NA,NA,-0.648602912774909,NA,NA,NA,NA,NA,-0.648602912774909,NA,NA,NA,NA,NA,NA,-0.648602912774909,NA,NA,NA
20110600_S1D_11,NA,NA,-0.49565518039342,NA,-0.49565518039342,-0.49565518039342,-0.49565518039342,-0.49565518039342,-0.49565518039342,-0.49565518039342,-0.49565518039342,-0.49565518039342,-0.49565518039342,NA,-0.49565518039342,NA,-0.49565518039342,-0.49565518039342,-0.49565518039342,-0.49565518039342,-0.49565518039342,NA
20120500_P26_12,NA,NA,NA,NA,NA,NA,NA,NA,NA,NA,NA,-0.572169686376879,NA,NA,NA,NA,NA,NA,NA,NA,NA,NA
20130700_S2Y_8,NA,NA,NA,NA,NA,NA,NA,NA,NA,NA,NA,-0.572927780141519,NA,NA,NA,NA,NA,NA,-0.572927780141519,NA,NA,NA
20120800_E1D_8,NA,NA,NA,NA,NA,NA,NA,NA,NA,NA,NA,-0.605833288306418,NA,NA,NA,NA,NA,NA,NA,NA,NA,NA
20150700_E14_13,NA,NA,NA,NA,NA,-0.533333883675047,NA,NA,NA,NA,NA,-0.533333883675047,NA,NA,NA,NA,NA,NA,-0.533333883675047,NA,NA,NA
3300037085_4,NA,NA,NA,NA,NA,NA,NA,NA,NA,NA,NA,-0.613548475181786,NA,NA,NA,NA,NA,NA,NA,NA,NA,NA
20120700_S1D_85,NA,NA,-0.455127777774927,NA,NA,-0.455127777774927,NA,-0.455127777774927,-0.455127777774927,NA,NA,-0.455127777774927,NA,NA,-0.455127777774927,NA,NA,-0.455127777774927,-0.455127777774927,-0.455127777774927,-0.455127777774927,NA
20150700_S15_1,NA,NA,NA,NA,NA,NA,NA,NA,NA,NA,NA,-0.535713502252078,NA,NA,NA,NA,NA,NA,-0.535713502252078,NA,NA,NA
20150700_E14_5,NA,NA,-0.350891802651276,NA,NA,-0.350891802651276,NA,NA,NA,NA,NA,-0.350891802651276,NA,NA,-0.350891802651276,NA,NA,-0.350891802651276,-0.350891802651276,-0.350891802651276,NA,NA
20160700_E23_20,NA,NA,NA,NA,-0.414203155839479,-0.414203155839479,NA,NA,NA,NA,NA,-0.414203155839479,NA,NA,NA,NA,NA,-0.414203155839479,NA,NA,NA,NA
20120700_S1D_9,NA,NA,NA,NA,-0.442694832878431,-0.442694832878431,NA,-0.442694832878431,-0.442694832878431,NA,NA,-0.442694832878431,NA,NA,-0.442694832878431,NA,-0.442694832878431,-0.442694832878431,NA,-0.442694832878431,-0.442694832878431,NA
20120800_E1D_7,NA,NA,NA,NA,NA,-0.437252304305605,NA,NA,-0.437252304305605,NA,NA,-0.437252304305605,NA,NA,NA,NA,-0.437252304305605,-0.437252304305605,-0.437252304305605,NA,NA,NA
20110800_S3S_23,-0.539815452850939,NA,NA,NA,NA,NA,-0.539815452850939,NA,NA,NA,NA,NA,-0.539815452850939,NA,NA,-0.539815452850939,-0.539815452850939,NA,NA,NA,NA,-0.539815452850939
20140700_S21_13,-0.396606591611327,-0.396606591611327,NA,-0.396606591611327,NA,NA,-0.396606591611327,NA,NA,-0.396606591611327,-0.396606591611327,-0.396606591611327,-0.396606591611327,-0.396606591611327,-0.396606591611327,-0.396606591611327,-0.396606591611327,NA,NA,NA,NA,-0.396606591611327
20120700_S1D_67,NA,NA,-0.489617881921758,NA,NA,-0.489617881921758,NA,NA,-0.489617881921758,NA,NA,-0.489617881921758,NA,NA,-0.489617881921758,NA,NA,-0.489617881921758,-0.489617881921758,-0.489617881921758,NA,NA
20120700_S1D_108,-0.533075116702782,-0.533075116702782,NA,NA,-0.533075116702782,NA,NA,-0.533075116702782,-0.533075116702782,-0.533075116702782,-0.533075116702782,-0.533075116702782,NA,-0.533075116702782,-0.533075116702782,NA,-0.533075116702782,-0.533075116702782,NA,-0.533075116702782,-0.533075116702782,NA
20120700_S1D_49,NA,-0.556484109356394,-0.556484109356394,NA,-0.556484109356394,-0.556484109356394,NA,NA,NA,-0.556484109356394,-0.556484109356394,-0.556484109356394,NA,NA,-0.556484109356394,NA,NA,-0.556484109356394,-0.556484109356394,-0.556484109356394,-0.556484109356394,NA
20160700_E23_6,-0.45917697954408,NA,NA,NA,NA,NA,NA,NA,NA,NA,-0.45917697954408,-0.45917697954408,NA,NA,NA,NA,-0.45917697954408,NA,NA,NA,NA,NA
20120700_S1D_90,-0.226481717283596,-0.226481717283596,-0.226481717283596,NA,-0.226481717283596,NA,NA,-0.226481717283596,-0.226481717283596,NA,-0.226481717283596,-0.226481717283596,NA,-0.226481717283596,-0.226481717283596,NA,NA,-0.226481717283596,NA,-0.226481717283596,-0.226481717283596,NA
20110800_S1S_13,-0.182024902462886,NA,NA,-0.182024902462886,NA,NA,-0.182024902462886,NA,NA,-0.182024902462886,NA,-0.182024902462886,-0.182024902462886,NA,NA,-0.182024902462886,-0.182024902462886,NA,NA,NA,NA,-0.182024902462886
3300037349_11,NA,NA,NA,-0.334210705983592,NA,NA,-0.334210705983592,NA,NA,NA,-0.334210705983592,-0.334210705983592,-0.334210705983592,NA,NA,-0.334210705983592,-0.334210705983592,NA,NA,NA,NA,-0.334210705983592
20120700_S1D_77,-0.418812909047605,-0.418812909047605,-0.418812909047605,NA,NA,-0.418812909047605,NA,-0.418812909047605,-0.418812909047605,NA,NA,-0.418812909047605,NA,-0.418812909047605,-0.418812909047605,NA,NA,-0.418812909047605,-0.418812909047605,NA,NA,NA
20160700_E23_11,NA,NA,NA,NA,NA,NA,NA,NA,NA,NA,NA,-0.5675578757422,NA,NA,NA,NA,NA,NA,NA,NA,NA,NA
20170700_S24_16,NA,NA,NA,NA,NA,-0.59697539244353,NA,NA,NA,NA,NA,-0.59697539244353,NA,NA,NA,NA,NA,NA,NA,NA,NA,NA
20140700_S22_7,-0.324921765500125,-0.324921765500125,NA,-0.324921765500125,-0.324921765500125,-0.324921765500125,-0.324921765500125,-0.324921765500125,NA,-0.324921765500125,-0.324921765500125,-0.324921765500125,-0.324921765500125,-0.324921765500125,-0.324921765500125,-0.324921765500125,-0.324921765500125,-0.324921765500125,-0.324921765500125,NA,-0.324921765500125,-0.324921765500125
20170700_S24_9,NA,NA,-0.485243246645377,NA,NA,-0.485243246645377,NA,NA,NA,NA,NA,-0.485243246645377,NA,NA,-0.485243246645377,NA,NA,-0.485243246645377,-0.485243246645377,-0.485243246645377,NA,NA
20150700_E14_4,NA,-0.349942765005457,-0.349942765005457,NA,-0.349942765005457,-0.349942765005457,NA,-0.349942765005457,-0.349942765005457,-0.349942765005457,-0.349942765005457,-0.349942765005457,NA,-0.349942765005457,-0.349942765005457,NA,-0.349942765005457,-0.349942765005457,-0.349942765005457,-0.349942765005457,-0.349942765005457,NA
20110700_P1D_2,NA,NA,NA,NA,NA,NA,NA,NA,NA,NA,NA,-0.579855962218152,NA,NA,NA,NA,NA,NA,NA,NA,NA,NA
20170700_E14_6,NA,NA,NA,NA,NA,NA,NA,NA,NA,NA,NA,-0.518036617041424,NA,NA,NA,NA,NA,NA,-0.518036617041424,NA,NA,NA
20120700_S1D_113,0.0827068153972898,0.0827068153972897,NA,NA,0.0827068153972898,0.0827068153972898,NA,NA,NA,0.0827068153972898,NA,0.0827068153972897,NA,NA,0.0827068153972897,NA,NA,0.0827068153972899,NA,NA,0.0827068153972898,NA
20130700_P1Y_10,NA,NA,1.30962852857221,NA,1.30962852857221,1.30962852857221,1.30962852857221,1.30962852857221,1.30962852857221,NA,NA,1.30962852857221,NA,NA,1.30962852857221,NA,NA,1.30962852857221,1.30962852857221,NA,NA,NA
20110700_S2D_6,NA,NA,NA,NA,NA,0.850988735658044,NA,NA,NA,NA,NA,0.850988735658044,NA,NA,0.850988735658044,NA,0.850988735658044,0.850988735658044,0.850988735658043,NA,NA,NA
3300037342_8,1.8963685569261,NA,NA,NA,NA,NA,1.89636855692609,NA,NA,NA,NA,NA,1.89636855692609,1.89636855692609,NA,1.89636855692609,NA,NA,NA,NA,NA,1.89636855692609
20110800_S3S_9,1.93770098886031,NA,NA,1.93770098886031,NA,NA,1.93770098886031,NA,NA,1.93770098886031,1.93770098886031,1.93770098886031,1.93770098886031,NA,NA,1.93770098886031,1.93770098886031,NA,NA,NA,NA,1.93770098886031
20160700_E21_11,NA,NA,NA,1.59965574081707,NA,NA,1.59965574081707,NA,NA,1.59965574081707,NA,1.59965574081707,1.59965574081707,NA,NA,1.59965574081707,1.59965574081707,NA,NA,NA,NA,1.59965574081707
3300037231_11,NA,NA,NA,NA,2.0142920208512,NA,NA,NA,NA,NA,NA,2.0142920208512,NA,NA,NA,NA,NA,NA,NA,NA,NA,NA
3300029985_7,1.66772656354147,NA,NA,NA,1.66772656354147,NA,1.66772656354147,1.66772656354147,NA,1.66772656354147,1.66772656354147,1.66772656354147,1.66772656354147,NA,NA,NA,1.66772656354147,1.66772656354147,NA,NA,NA,NA
3300036876_9,2.6100499611827,NA,2.6100499611827,NA,2.6100499611827,2.6100499611827,NA,2.6100499611827,2.6100499611827,2.6100499611827,2.6100499611827,2.6100499611827,NA,NA,2.6100499611827,NA,2.6100499611827,2.6100499611827,2.6100499611827,2.6100499611827,2.6100499611827,NA
20150700_E15_18,NA,NA,NA,NA,NA,2.57766699251439,NA,NA,NA,NA,NA,2.57766699251439,NA,NA,NA,NA,NA,2.57766699251439,2.57766699251439,NA,NA,NA
20150700_S15_12,NA,NA,2.8379680702252,NA,NA,NA,NA,NA,NA,NA,NA,2.83796807022519,NA,NA,NA,NA,NA,NA,NA,NA,NA,NA
20110800_E3M_2,NA,NA,NA,NA,NA,NA,NA,NA,NA,NA,NA,2.97980853245461,NA,NA,NA,NA,NA,NA,NA,NA,NA,NA
20120700_S1D_107,NA,NA,3.11449810191193,NA,3.11449810191193,3.11449810191193,NA,NA,NA,NA,NA,3.11449810191193,NA,NA,3.11449810191193,NA,3.11449810191193,3.11449810191193,3.11449810191193,3.11449810191193,3.11449810191193,NA
20120700_P3D_24,NA,NA,2.39637936353196,NA,NA,2.39637936353196,NA,NA,2.39637936353196,NA,NA,2.39637936353196,NA,NA,NA,NA,NA,2.39637936353196,NA,2.39637936353196,NA,NA
20120700_S1D_97,NA,NA,2.76945092678564,NA,NA,2.76945092678564,NA,NA,NA,NA,NA,2.76945092678564,NA,NA,2.76945092678564,NA,NA,2.76945092678564,2.76945092678564,NA,NA,NA
20160700_E13_6,NA,NA,NA,NA,NA,1.7683645642681,NA,NA,NA,NA,NA,1.7683645642681,NA,NA,NA,NA,NA,NA,1.7683645642681,NA,NA,NA
PLNV01,NA,NA,2.86271734133933,NA,NA,2.86271734133933,NA,NA,NA,2.86271734133933,NA,2.86271734133933,NA,NA,2.86271734133933,NA,2.86271734133933,2.86271734133933,2.86271734133933,2.86271734133933,NA,NA
20150700_E15_6,NA,NA,NA,NA,NA,NA,NA,NA,NA,NA,NA,1.75040361067999,NA,NA,NA,NA,NA,NA,1.75040361067999,NA,NA,NA
20170700_S34_25,NA,NA,NA,NA,NA,NA,NA,NA,NA,NA,NA,1.8343041131941,NA,NA,NA,NA,NA,NA,1.8343041131941,NA,NA,NA
PLSJ01,NA,NA,2.8435696987817,NA,NA,2.8435696987817,NA,NA,NA,NA,NA,2.84356969878169,NA,NA,NA,NA,NA,2.8435696987817,2.8435696987817,NA,NA,NA
20160700_S11_1,NA,NA,NA,NA,NA,NA,3.17669182630441,NA,NA,NA,NA,NA,NA,NA,NA,3.17669182630441,NA,NA,NA,NA,NA,3.17669182630441
20120700_P3D_83,NA,NA,NA,NA,NA,NA,NA,2.67338366167751,NA,NA,NA,NA,NA,NA,NA,NA,NA,NA,NA,NA,NA,NA
PMZX01,NA,NA,NA,NA,NA,NA,NA,NA,NA,NA,NA,2.55983170677687,NA,NA,NA,NA,NA,NA,NA,NA,NA,NA
20170700_S35_2,NA,NA,NA,NA,NA,2.59763990795606,NA,NA,NA,NA,NA,NA,NA,NA,NA,NA,NA,NA,2.59763990795606,NA,NA,NA
20110800_S3S_2,1.87695560595396,NA,NA,1.87695560595396,NA,NA,1.87695560595396,NA,NA,1.87695560595396,1.87695560595396,1.87695560595396,1.87695560595396,NA,NA,1.87695560595396,1.87695560595396,NA,NA,NA,NA,NA
3300037359_10,NA,NA,NA,NA,NA,NA,NA,1.70606415711401,NA,NA,NA,1.70606415711401,NA,NA,NA,NA,NA,NA,1.70606415711401,1.70606415711401,NA,NA
20120700_S1D_35,2.478533227625,2.478533227625,NA,NA,NA,NA,NA,NA,NA,2.478533227625,2.478533227625,2.478533227625,2.478533227625,2.478533227625,NA,NA,2.478533227625,2.478533227625,2.478533227625,2.478533227625,2.478533227625,NA
20110800_S3S_21,NA,NA,NA,-0.325287815111159,NA,NA,-0.325287815111159,NA,NA,-0.325287815111159,NA,NA,-0.325287815111159,NA,NA,-0.325287815111159,-0.325287815111159,NA,NA,NA,NA,NA
20140700_S31_11,NA,NA,NA,-0.448673215674543,NA,NA,-0.448673215674543,NA,NA,NA,NA,NA,NA,NA,NA,-0.448673215674543,NA,NA,NA,NA,NA,-0.448673215674543
20111000_S3M_6,-0.408115137179426,-0.408115137179426,NA,-0.408115137179426,-0.408115137179426,NA,-0.408115137179426,-0.408115137179426,-0.408115137179426,-0.408115137179426,-0.408115137179426,-0.408115137179426,-0.408115137179426,-0.408115137179426,-0.408115137179426,-0.408115137179426,-0.408115137179426,-0.408115137179426,-0.408115137179426,NA,-0.408115137179426,-0.408115137179426
20160700_S23_8,-0.670030570176685,-0.670030570176685,NA,-0.670030570176685,NA,NA,-0.670030570176685,NA,NA,NA,-0.670030570176685,NA,NA,-0.670030570176685,NA,NA,NA,NA,NA,NA,NA,NA
20111000_S2M_4,-0.567306618686148,-0.567306618686148,-0.567306618686148,-0.567306618686148,-0.567306618686148,-0.567306618686148,NA,-0.567306618686148,-0.567306618686148,-0.567306618686148,-0.567306618686148,-0.567306618686148,-0.567306618686148,-0.567306618686148,-0.567306618686148,NA,-0.567306618686148,-0.567306618686148,-0.567306618686148,-0.567306618686148,-0.567306618686148,NA
20111000_S3S_4,NA,NA,NA,NA,NA,NA,-0.569818021757365,NA,NA,-0.569818021757365,NA,-0.569818021757365,-0.569818021757365,NA,NA,-0.569818021757365,-0.569818021757365,NA,NA,NA,NA,NA
20110800_S2M_9,NA,-0.639262070145019,-0.639262070145019,NA,-0.639262070145019,-0.639262070145019,NA,NA,-0.639262070145019,-0.639262070145019,NA,-0.639262070145019,NA,-0.639262070145019,-0.639262070145019,NA,-0.639262070145019,-0.639262070145019,-0.639262070145019,-0.639262070145019,-0.639262070145019,NA
20111000_S3S_11,NA,NA,NA,NA,NA,NA,-0.565186320613626,NA,NA,-0.565186320613626,NA,-0.565186320613626,NA,NA,NA,NA,NA,NA,NA,NA,NA,NA
20160700_S14_9,NA,NA,-0.608821285204513,NA,NA,-0.608821285204513,NA,NA,-0.608821285204513,NA,NA,-0.608821285204513,NA,NA,-0.608821285204513,NA,NA,NA,NA,-0.608821285204513,NA,NA
20120700_S1D_45,-0.495196492119133,-0.495196492119133,NA,-0.495196492119133,-0.495196492119133,NA,NA,-0.495196492119133,-0.495196492119133,-0.495196492119133,-0.495196492119133,-0.495196492119133,NA,-0.495196492119134,-0.495196492119133,NA,NA,-0.495196492119133,NA,NA,-0.495196492119133,NA
20110800_S3S_8,NA,NA,NA,NA,NA,NA,-0.328330124930467,NA,NA,-0.328330124930467,NA,-0.328330124930467,-0.328330124930467,NA,NA,-0.328330124930467,-0.328330124930467,NA,NA,NA,NA,NA
20160700_E21_6,NA,NA,NA,-0.321095053361531,NA,NA,NA,NA,NA,-0.321095053361531,-0.321095053361531,NA,NA,NA,NA,NA,-0.321095053361531,NA,NA,NA,NA,NA
20110800_S3S_13,0.437487471363594,NA,NA,0.437487471363594,NA,NA,0.437487471363594,NA,NA,0.437487471363594,0.437487471363594,0.437487471363594,0.437487471363594,0.437487471363594,NA,0.437487471363594,0.437487471363594,NA,NA,NA,NA,NA
20150700_S23_2,0.371060662851551,0.37106066285155,NA,0.37106066285155,0.37106066285155,NA,0.37106066285155,0.37106066285155,NA,NA,NA,0.37106066285155,0.371060662851551,0.37106066285155,0.37106066285155,0.37106066285155,NA,NA,NA,NA,NA,0.37106066285155
20160700_S33_6,0.820028594878693,0.820028594878693,NA,0.820028594878693,0.820028594878693,NA,0.820028594878693,0.820028594878693,NA,0.820028594878693,0.820028594878693,0.820028594878693,0.820028594878693,0.820028594878693,0.820028594878693,0.820028594878693,NA,NA,NA,NA,NA,0.820028594878693
20140700_S33_15,0.384679996719042,0.384679996719041,NA,0.384679996719042,0.384679996719042,NA,NA,0.384679996719042,0.384679996719042,0.384679996719042,0.384679996719042,0.384679996719042,0.384679996719042,0.384679996719042,0.384679996719042,NA,NA,NA,NA,NA,NA,NA
3300022861_3,NA,NA,3.37568578146814,NA,NA,NA,NA,NA,NA,NA,NA,3.37568578146814,NA,NA,NA,NA,NA,NA,NA,NA,NA,NA
20120700_S1D_20,1.13564776638436,1.13564776638436,NA,1.13564776638436,1.13564776638435,NA,NA,1.13564776638435,1.13564776638436,1.13564776638436,1.13564776638436,1.13564776638436,1.13564776638436,1.13564776638436,1.13564776638435,NA,1.13564776638436,1.13564776638436,NA,NA,1.13564776638436,NA
20160700_S13_19,NA,NA,NA,NA,NA,-0.271161783937277,NA,NA,NA,NA,NA,-0.271161783937277,NA,NA,NA,NA,NA,-0.271161783937277,NA,NA,-0.271161783937277,NA
3300037196_13,NA,NA,NA,NA,NA,NA,NA,NA,NA,NA,NA,-0.16797866490637,NA,NA,NA,NA,NA,NA,NA,NA,NA,NA
20120700_S1D_52,NA,-0.126776482953935,-0.126776482953935,NA,-0.126776482953935,-0.126776482953935,NA,NA,-0.126776482953935,-0.126776482953935,-0.126776482953935,-0.126776482953936,NA,-0.126776482953936,-0.126776482953935,NA,-0.126776482953935,-0.126776482953935,-0.126776482953935,-0.126776482953935,-0.126776482953935,NA
20110800_S3S_33,NA,NA,NA,-0.148108902493995,NA,NA,-0.148108902493995,NA,NA,-0.148108902493995,NA,-0.148108902493995,-0.148108902493995,NA,NA,-0.148108902493995,-0.148108902493995,NA,NA,NA,NA,NA
20150700_S21_9,NA,NA,NA,NA,NA,NA,NA,NA,NA,-0.20497086983674,NA,NA,NA,NA,NA,-0.20497086983674,-0.20497086983674,NA,NA,NA,NA,-0.20497086983674
20120700_S1D_95,-0.0445063350613756,-0.0445063350613755,NA,-0.0445063350613755,-0.0445063350613755,NA,-0.0445063350613755,-0.0445063350613756,-0.0445063350613755,-0.0445063350613755,-0.0445063350613755,-0.0445063350613755,-0.0445063350613757,-0.0445063350613755,-0.0445063350613756,-0.0445063350613754,-0.0445063350613756,-0.0445063350613755,NA,NA,-0.0445063350613756,-0.0445063350613755
20170700_S33_24,-0.231356374247791,-0.231356374247791,-0.231356374247791,-0.231356374247791,-0.231356374247791,-0.231356374247791,NA,-0.231356374247791,-0.231356374247791,NA,NA,-0.231356374247791,-0.231356374247791,-0.231356374247791,-0.231356374247791,NA,-0.231356374247791,-0.231356374247791,-0.231356374247791,-0.231356374247791,-0.231356374247791,NA
20110800_S3S_28,-0.132353624068263,-0.132353624068263,NA,-0.132353624068263,NA,NA,-0.132353624068263,NA,NA,-0.132353624068263,-0.132353624068263,-0.132353624068263,-0.132353624068263,-0.132353624068263,-0.132353624068263,-0.132353624068263,-0.132353624068263,NA,NA,NA,NA,NA
PLTJ01,NA,NA,-0.149680143063993,NA,-0.149680143063993,-0.149680143063993,NA,-0.149680143063993,-0.149680143063993,NA,NA,-0.149680143063993,NA,NA,-0.149680143063993,NA,-0.149680143063993,-0.149680143063993,-0.149680143063993,-0.149680143063993,-0.149680143063993,NA
20150700_E23_13,NA,NA,NA,-0.248940089872159,NA,NA,NA,NA,NA,NA,NA,NA,NA,NA,NA,NA,NA,NA,NA,NA,NA,NA
PLSL01,NA,NA,NA,NA,0.0522012139701996,NA,NA,0.0522012139701995,NA,NA,NA,0.0522012139701998,NA,NA,NA,NA,NA,0.0522012139701997,NA,0.0522012139701996,0.0522012139701998,NA
20111000_S3S_5,NA,NA,NA,NA,NA,NA,0.0249099197787555,NA,NA,0.0249099197787555,NA,0.0249099197787556,0.0249099197787556,NA,NA,NA,0.0249099197787553,NA,NA,NA,NA,NA
20110800_P2D_9,NA,NA,NA,NA,NA,NA,NA,NA,NA,NA,NA,0.306438626932855,NA,NA,NA,NA,NA,NA,NA,NA,NA,NA
20140700_S21_6,-0.455277608806571,-0.455277608806571,NA,-0.455277608806571,NA,NA,-0.455277608806571,NA,NA,NA,NA,-0.455277608806571,-0.455277608806571,-0.455277608806571,NA,-0.455277608806571,-0.455277608806571,NA,NA,NA,NA,-0.455277608806571
20120700_S1D_87,-0.301242153054745,-0.301242153054745,NA,-0.301242153054745,-0.301242153054745,-0.301242153054745,NA,-0.301242153054745,-0.301242153054745,-0.301242153054745,-0.301242153054745,-0.301242153054745,-0.301242153054745,-0.301242153054744,-0.301242153054745,NA,-0.301242153054745,-0.301242153054745,-0.301242153054744,NA,-0.301242153054745,NA
20120700_P3D_87,NA,NA,-0.373169073711014,NA,NA,NA,NA,NA,NA,NA,NA,NA,NA,NA,-0.373169073711014,NA,NA,NA,NA,NA,NA,NA
20150700_S21_2,0.322274349612772,NA,NA,NA,NA,NA,0.322274349612772,0.322274349612772,NA,NA,NA,NA,0.322274349612772,NA,NA,0.322274349612772,NA,NA,NA,NA,NA,0.322274349612772
20120700_P2D_11,NA,NA,NA,NA,NA,NA,NA,0.120973716795199,NA,NA,NA,NA,NA,NA,NA,NA,NA,NA,NA,NA,NA,NA
3300036888_6,NA,NA,-0.407724131839096,NA,NA,-0.407724131839096,NA,NA,-0.407724131839096,NA,NA,-0.407724131839096,NA,NA,-0.407724131839096,NA,-0.407724131839096,-0.407724131839096,-0.407724131839096,NA,NA,NA
3300037360_7,NA,-0.446963701758529,-0.446963701758529,-0.446963701758529,-0.446963701758529,-0.446963701758529,NA,-0.446963701758529,-0.446963701758529,NA,NA,-0.446963701758529,NA,-0.446963701758529,-0.446963701758529,NA,-0.446963701758529,-0.446963701758529,-0.446963701758529,-0.446963701758529,-0.446963701758529,NA
20120700_S1D_27,-0.0785188243142949,-0.078518824314295,-0.078518824314295,-0.0785188243142949,-0.0785188243142948,-0.0785188243142948,-0.0785188243142949,-0.0785188243142949,-0.078518824314295,-0.0785188243142948,-0.0785188243142947,-0.0785188243142949,-0.0785188243142949,-0.0785188243142949,-0.0785188243142948,NA,-0.0785188243142948,-0.0785188243142949,-0.078518824314295,-0.078518824314295,-0.0785188243142949,NA
20120700_P3S_1,-0.205644502332283,NA,NA,NA,NA,NA,-0.205644502332283,NA,NA,NA,NA,-0.205644502332283,NA,-0.205644502332283,NA,NA,NA,NA,NA,NA,NA,-0.205644502332283
3300037040_8,NA,NA,-0.740968108394466,NA,-0.740968108394466,NA,-0.740968108394466,-0.740968108394466,-0.740968108394466,NA,NA,-0.740968108394466,NA,NA,-0.740968108394466,NA,NA,-0.740968108394466,NA,NA,NA,NA
20120700_P3D_148,-0.822228166401076,NA,-0.822228166401076,-0.822228166401076,-0.822228166401076,-0.822228166401076,-0.822228166401076,-0.822228166401076,-0.822228166401076,NA,NA,-0.822228166401076,NA,-0.822228166401076,-0.822228166401076,NA,NA,-0.822228166401076,-0.822228166401076,NA,NA,NA
20140700_S12_15,-11.5911817934678,-11.8726730027273,-11.0567283208546,-11.6184510789875,-11.6630090301931,-11.4178034392543,-11.6243602600271,-11.7019311449586,-11.8458776547455,-11.9445824670453,-11.88857744039,-11.7962722752687,-11.1902070497518,-11.7432925099408,-11.2199926603404,-11.8317993582586,-11.2555274946445,-11.4561621162193,-11.3619721624397,-11.8434833507625,-11.4820770040124,-11.6456562146701
20120700_S1D_31,NA,NA,NA,NA,NA,NA,NA,NA,NA,NA,NA,-0.259604456563109,NA,NA,NA,NA,NA,-0.259604456563109,NA,NA,NA,NA
20120700_S1D_6,0.0805987693680412,0.080598769368041,NA,0.0805987693680412,0.0805987693680412,0.0805987693680413,NA,0.0805987693680412,0.0805987693680411,0.0805987693680411,NA,0.0805987693680412,NA,NA,0.0805987693680413,NA,0.0805987693680411,0.0805987693680411,0.080598769368041,0.0805987693680412,0.080598769368041,NA
20120700_S1D_106,NA,NA,-0.216664256610111,NA,-0.216664256610111,-0.216664256610111,NA,NA,-0.216664256610111,NA,NA,-0.216664256610111,NA,NA,-0.216664256610111,NA,-0.216664256610111,-0.216664256610111,-0.216664256610111,NA,NA,NA
20170700_S35_4,NA,NA,NA,NA,NA,NA,NA,NA,NA,NA,NA,-0.412273711858216,NA,NA,NA,NA,NA,NA,NA,NA,NA,NA
20130700_S1X_7,0.037130065062754,0.037130065062754,0.037130065062754,0.0371300650627539,0.0371300650627538,NA,0.037130065062754,0.037130065062754,0.0371300650627538,0.0371300650627541,0.0371300650627538,0.0371300650627539,0.037130065062754,0.037130065062754,0.0371300650627541,0.037130065062754,0.037130065062754,0.0371300650627539,NA,NA,0.0371300650627539,0.0371300650627539
20111000_S3S_9,NA,NA,NA,0.291257082905563,NA,NA,0.291257082905563,NA,NA,0.291257082905563,0.291257082905563,0.291257082905563,0.291257082905563,NA,NA,0.291257082905563,0.291257082905563,NA,NA,NA,NA,NA
20111000_S3S_12,NA,NA,NA,NA,NA,NA,0.141905623791173,NA,NA,0.141905623791173,NA,0.141905623791173,0.141905623791173,NA,NA,NA,0.141905623791173,NA,NA,NA,NA,NA
PLSW01,0.185577543718565,0.185577543718565,0.185577543718565,0.185577543718565,0.185577543718564,NA,NA,0.185577543718564,0.185577543718565,NA,NA,0.185577543718564,NA,0.185577543718564,0.185577543718565,NA,NA,0.185577543718565,NA,0.185577543718565,0.185577543718565,NA
20120700_S1D_84,0.294940643760548,0.294940643760548,NA,0.294940643760548,0.294940643760547,0.294940643760548,NA,0.294940643760548,NA,0.294940643760548,0.294940643760547,0.294940643760547,0.294940643760548,0.294940643760548,0.294940643760548,NA,0.294940643760548,0.294940643760547,0.294940643760548,NA,0.294940643760548,NA
20110800_S3S_11,NA,NA,NA,NA,NA,NA,NA,NA,NA,3.52989293692624,NA,NA,NA,NA,NA,NA,NA,NA,NA,NA,NA,NA
20120700_S1D_102,NA,-0.31363962520727,-0.31363962520727,NA,-0.31363962520727,-0.31363962520727,NA,-0.31363962520727,-0.31363962520727,NA,NA,-0.31363962520727,NA,NA,-0.31363962520727,NA,NA,-0.31363962520727,-0.31363962520727,NA,-0.31363962520727,NA
20110800_E3D_18,NA,NA,NA,NA,NA,NA,NA,NA,NA,NA,NA,-0.424038917926789,NA,NA,NA,NA,NA,NA,NA,NA,NA,NA
20110700_P2D_9,NA,NA,NA,NA,NA,NA,NA,NA,NA,NA,NA,-0.462153141292606,NA,NA,NA,NA,NA,NA,NA,NA,NA,NA
20160700_S23_17,-0.596192052068864,-0.596192052068864,NA,-0.596192052068864,-0.596192052068864,-0.596192052068864,-0.596192052068864,-0.596192052068864,NA,NA,NA,-0.596192052068864,-0.596192052068864,-0.596192052068864,-0.596192052068864,-0.596192052068864,-0.596192052068864,-0.596192052068864,-0.596192052068864,-0.596192052068864,NA,-0.596192052068864
20120700_S1D_19,-0.616283197675303,-0.616283197675303,-0.616283197675303,-0.616283197675303,-0.616283197675303,-0.616283197675303,NA,-0.616283197675303,-0.616283197675303,-0.616283197675303,-0.616283197675303,-0.616283197675303,-0.616283197675303,-0.616283197675303,-0.616283197675303,NA,-0.616283197675303,-0.616283197675303,-0.616283197675303,-0.616283197675303,-0.616283197675303,NA
20120700_S1D_60,NA,NA,-0.699295634641115,NA,-0.699295634641115,-0.699295634641114,NA,-0.699295634641115,-0.699295634641115,NA,NA,-0.699295634641115,NA,NA,-0.699295634641115,NA,NA,-0.699295634641115,-0.699295634641115,-0.699295634641115,-0.699295634641115,NA
20130700_C2M_5,NA,NA,NA,NA,NA,-0.259576755211906,NA,NA,NA,NA,NA,-0.259576755211906,NA,NA,NA,NA,NA,NA,-0.259576755211906,NA,NA,NA
20120600_E1D_20,NA,NA,NA,NA,NA,NA,NA,NA,NA,NA,NA,-0.340136144082985,NA,NA,NA,NA,NA,NA,NA,NA,NA,NA
20170700_S34_29,NA,NA,-0.608034359153741,NA,-0.608034359153741,-0.608034359153741,NA,NA,NA,NA,NA,-0.608034359153741,NA,NA,-0.608034359153741,NA,NA,-0.608034359153741,-0.608034359153741,-0.608034359153741,NA,NA
20120700_S1D_55,-0.224607469713928,-0.224607469713928,-0.224607469713928,-0.224607469713928,-0.224607469713928,-0.224607469713928,NA,-0.224607469713928,-0.224607469713928,-0.224607469713928,-0.224607469713928,-0.224607469713928,-0.224607469713928,-0.224607469713928,-0.224607469713928,NA,-0.224607469713928,-0.224607469713928,-0.224607469713928,-0.224607469713928,-0.224607469713928,NA
20130700_C2M_9,NA,NA,NA,NA,NA,-0.441632965856962,NA,NA,NA,NA,NA,-0.441632965856962,NA,NA,NA,NA,NA,NA,NA,NA,NA,NA
20120700_S1X_15,NA,NA,-0.270610893553669,NA,NA,-0.270610893553669,NA,NA,NA,NA,NA,-0.270610893553669,NA,NA,-0.270610893553669,NA,-0.270610893553669,-0.270610893553669,-0.270610893553669,NA,NA,NA
20120800_E3S_6,NA,NA,NA,NA,NA,-0.365397967185256,NA,NA,NA,NA,NA,-0.365397967185256,NA,NA,-0.365397967185256,NA,NA,-0.365397967185256,-0.365397967185256,NA,NA,NA
20110600_S3M_2,NA,NA,NA,NA,NA,-0.339558076699537,NA,NA,NA,NA,NA,-0.339558076699537,NA,NA,-0.339558076699537,NA,NA,-0.339558076699537,-0.339558076699537,NA,NA,NA
20120700_P3D_102,NA,NA,NA,NA,NA,-0.383826395949161,NA,NA,NA,NA,NA,-0.383826395949161,NA,NA,-0.383826395949161,NA,NA,-0.383826395949161,-0.383826395949161,NA,NA,NA
20130700_C1Y_13,NA,NA,NA,NA,NA,-0.334686367408641,NA,NA,NA,NA,NA,-0.334686367408641,NA,NA,-0.334686367408641,NA,NA,-0.334686367408641,-0.334686367408641,NA,NA,NA
20110800_S3D_28,NA,NA,-0.219977593024197,NA,-0.219977593024197,-0.219977593024197,NA,-0.219977593024197,-0.219977593024197,NA,NA,-0.219977593024197,NA,NA,-0.219977593024197,NA,-0.219977593024197,-0.219977593024197,-0.219977593024197,-0.219977593024197,-0.219977593024197,NA
20160700_S23_5,NA,NA,NA,NA,NA,NA,-0.573281674061603,NA,NA,NA,NA,NA,NA,NA,NA,-0.573281674061603,NA,NA,NA,NA,NA,-0.573281674061603
20140700_S22_6,-0.531604096386015,-0.531604096386015,-0.531604096386015,-0.531604096386015,-0.531604096386015,-0.531604096386015,NA,-0.531604096386015,NA,-0.531604096386015,-0.531604096386015,-0.531604096386015,-0.531604096386015,-0.531604096386015,-0.531604096386015,NA,-0.531604096386015,-0.531604096386015,-0.531604096386015,NA,NA,NA
20110800_S1D_14,-0.617373145185769,-0.617373145185769,-0.617373145185769,NA,-0.617373145185769,-0.617373145185769,NA,-0.617373145185769,-0.617373145185769,NA,NA,-0.617373145185769,NA,-0.617373145185769,-0.617373145185769,NA,-0.617373145185769,-0.617373145185769,-0.617373145185769,NA,NA,NA
20120700_S1D_46,NA,NA,NA,-0.597140165314328,-0.597140165314328,-0.597140165314328,NA,NA,NA,NA,NA,-0.597140165314328,NA,NA,-0.597140165314328,NA,NA,-0.597140165314328,-0.597140165314328,NA,NA,NA
20120700_S1D_33,NA,0.0133936576864715,0.0133936576864713,NA,0.0133936576864713,0.0133936576864713,NA,NA,NA,NA,NA,0.0133936576864716,NA,NA,0.0133936576864713,NA,NA,0.0133936576864715,0.0133936576864713,0.0133936576864712,0.0133936576864713,NA
20110800_S3S_27,0.0887589207223283,NA,NA,0.0887589207223282,NA,NA,0.0887589207223283,0.0887589207223281,NA,0.0887589207223281,0.0887589207223281,0.0887589207223282,0.0887589207223284,0.0887589207223282,0.0887589207223282,0.088758920722328,0.0887589207223283,NA,NA,NA,NA,0.0887589207223282
20110800_S3S_24,-0.0293003685369818,NA,NA,NA,NA,NA,-0.0293003685369817,NA,NA,NA,NA,NA,-0.0293003685369816,NA,NA,-0.0293003685369817,-0.0293003685369816,NA,NA,NA,NA,-0.0293003685369817
20120700_S1D_5,-0.0434249529692478,-0.0434249529692477,NA,-0.0434249529692477,-0.0434249529692478,-0.0434249529692476,NA,-0.0434249529692476,-0.0434249529692476,-0.0434249529692477,-0.0434249529692475,-0.0434249529692477,-0.0434249529692476,-0.0434249529692477,-0.0434249529692476,NA,-0.0434249529692476,-0.0434249529692478,NA,NA,-0.0434249529692476,NA
20111000_S2S_7,NA,NA,NA,NA,NA,NA,NA,NA,NA,0.265249510848274,NA,0.265249510848274,0.265249510848274,NA,NA,NA,0.265249510848274,NA,NA,NA,NA,NA
20120700_S1S_6,NA,NA,NA,0.36170186314402,NA,NA,NA,NA,NA,0.36170186314402,NA,0.36170186314402,0.36170186314402,NA,NA,NA,0.36170186314402,NA,NA,NA,NA,NA
20110600_S1S_4,0.841332511217535,NA,NA,0.841332511217535,NA,NA,0.841332511217536,NA,NA,0.841332511217535,0.841332511217536,0.841332511217536,0.841332511217536,0.841332511217535,NA,0.841332511217536,0.841332511217536,NA,NA,NA,NA,0.841332511217536
20150700_S21_10,NA,NA,NA,0.410536716397223,NA,NA,0.410536716397224,NA,NA,0.410536716397224,NA,NA,0.410536716397224,NA,NA,0.410536716397224,0.410536716397223,NA,NA,NA,NA,0.410536716397223
20160700_P15_5,NA,NA,NA,NA,NA,NA,NA,NA,NA,NA,NA,NA,NA,NA,0.209810274961062,NA,NA,NA,NA,NA,NA,NA
20140700_S12_11,0.231696167267479,0.231696167267479,0.231696167267479,0.231696167267479,0.231696167267479,0.231696167267479,NA,0.231696167267479,0.231696167267479,0.231696167267479,0.231696167267479,0.231696167267479,NA,0.231696167267479,0.231696167267479,NA,0.231696167267479,0.23169616726748,0.231696167267479,0.231696167267479,0.231696167267479,NA
20170700_S25_8,NA,NA,-0.422296684768406,NA,-0.422296684768406,-0.422296684768406,NA,-0.422296684768406,-0.422296684768406,NA,NA,-0.422296684768406,NA,NA,-0.422296684768406,NA,NA,-0.422296684768406,-0.422296684768406,NA,-0.422296684768406,NA
20120700_P3D_101,NA,NA,NA,NA,NA,NA,NA,NA,NA,NA,NA,-0.221014431261141,NA,NA,NA,NA,NA,-0.221014431261141,NA,-0.221014431261142,-0.221014431261142,NA
20120500_P32_6,NA,NA,-0.312289363125748,NA,NA,NA,NA,NA,NA,NA,NA,NA,NA,NA,-0.312289363125748,NA,NA,NA,NA,NA,NA,NA
20170700_S25_3,NA,NA,-0.265267850373977,NA,NA,NA,NA,NA,NA,NA,NA,NA,NA,NA,NA,NA,NA,NA,NA,NA,NA,NA
20150700_P15_5,NA,NA,NA,NA,NA,NA,-0.173393286333079,NA,NA,NA,NA,NA,NA,NA,NA,-0.173393286333079,NA,NA,NA,NA,NA,-0.173393286333079
20140700_S21_18,0.233691478891759,0.233691478891759,NA,0.233691478891759,0.233691478891759,NA,0.233691478891759,NA,NA,0.233691478891759,0.233691478891759,0.233691478891759,0.233691478891759,0.233691478891759,0.233691478891759,0.233691478891759,0.233691478891759,NA,NA,NA,NA,0.233691478891759
20111000_S3S_10,-0.0419412180420693,NA,NA,-0.0419412180420694,NA,NA,NA,NA,NA,-0.0419412180420695,NA,-0.0419412180420694,-0.0419412180420692,NA,-0.0419412180420693,-0.0419412180420695,-0.0419412180420695,NA,NA,NA,NA,NA
20110800_S3S_26,NA,NA,NA,0.00167820512882417,NA,NA,0.00167820512882413,NA,NA,0.00167820512882396,NA,0.00167820512882403,0.00167820512882403,NA,NA,NA,0.00167820512882405,NA,NA,NA,NA,NA
20120600_P3M_9,NA,NA,NA,NA,NA,NA,0.132582877238374,NA,NA,0.132582877238374,NA,NA,0.132582877238374,NA,NA,0.132582877238374,NA,NA,NA,NA,NA,0.132582877238374
20110800_S3S_25,-0.328061375803544,-0.328061375803544,NA,-0.328061375803544,NA,NA,-0.328061375803544,NA,NA,-0.328061375803544,-0.328061375803544,-0.328061375803544,-0.328061375803544,-0.328061375803544,NA,-0.328061375803544,-0.328061375803544,NA,NA,NA,NA,-0.328061375803544
20120700_S1D_64,-0.395870310291734,-0.395870310291734,NA,-0.395870310291734,-0.395870310291734,NA,NA,-0.395870310291734,NA,-0.395870310291734,-0.395870310291734,-0.395870310291734,-0.395870310291734,-0.395870310291734,-0.395870310291734,NA,-0.395870310291734,-0.395870310291734,NA,NA,-0.395870310291734,NA
20120600_S1D_1,NA,NA,-0.358790018001094,NA,-0.358790018001094,-0.358790018001094,NA,NA,-0.358790018001094,NA,NA,-0.358790018001094,NA,NA,-0.358790018001094,NA,NA,NA,-0.358790018001094,-0.358790018001094,NA,NA
20110600_S1D_15,-0.427820459061766,-0.427820459061766,-0.427820459061766,-0.427820459061766,-0.427820459061766,-0.427820459061766,NA,-0.427820459061766,-0.427820459061766,-0.427820459061766,NA,-0.427820459061766,-0.427820459061766,-0.427820459061766,-0.427820459061766,NA,-0.427820459061766,-0.427820459061766,-0.427820459061766,-0.427820459061766,-0.427820459061766,NA
20110600_P1M_18,NA,NA,-0.547935064241348,NA,NA,-0.547935064241348,NA,NA,NA,NA,NA,-0.547935064241348,NA,NA,-0.547935064241348,NA,NA,NA,NA,-0.547935064241348,NA,NA
20120700_P1D_9,NA,NA,NA,NA,NA,NA,NA,NA,NA,NA,NA,-0.529015195470711,NA,NA,NA,NA,NA,NA,NA,NA,NA,NA
20170700_S25_14,NA,NA,-0.549461912812397,NA,NA,NA,NA,NA,NA,NA,NA,-0.549461912812397,NA,NA,-0.549461912812397,NA,NA,NA,-0.549461912812397,NA,NA,NA
20140700_S16_1,NA,NA,NA,NA,NA,NA,NA,NA,NA,NA,NA,-0.533657682830538,NA,NA,NA,NA,NA,NA,-0.533657682830538,NA,NA,NA
20170700_S24_10,NA,NA,-0.461373325207111,NA,NA,-0.461373325207111,NA,NA,-0.461373325207111,NA,NA,-0.461373325207111,NA,NA,-0.461373325207111,NA,-0.461373325207111,-0.461373325207111,-0.46137332520711,-0.461373325207111,NA,NA
20140700_S32_12,NA,NA,-0.478073353082507,NA,NA,-0.478073353082507,NA,NA,NA,NA,NA,-0.478073353082507,NA,NA,-0.478073353082507,NA,NA,-0.478073353082507,-0.478073353082507,-0.478073353082507,NA,-0.478073353082507
20120700_S1D_114,-0.465222712636473,-0.465222712636473,-0.465222712636473,-0.465222712636473,-0.465222712636473,-0.465222712636473,NA,-0.465222712636473,-0.465222712636473,-0.465222712636473,-0.465222712636473,-0.465222712636473,-0.465222712636473,-0.465222712636473,-0.465222712636473,NA,-0.465222712636473,-0.465222712636473,-0.465222712636473,-0.465222712636473,-0.465222712636473,NA
20120800_P1D_1,NA,NA,NA,NA,NA,NA,-0.449246191723837,NA,NA,NA,NA,NA,NA,NA,NA,NA,NA,NA,NA,NA,NA,-0.449246191723836
20150700_P31_7,NA,NA,NA,NA,NA,NA,-0.424980045500011,NA,NA,NA,NA,NA,NA,NA,NA,NA,NA,NA,NA,NA,NA,-0.424980045500011
20140700_S21_12,-0.667527957571014,-0.667527957571014,NA,-0.667527957571014,NA,NA,-0.667527957571014,NA,NA,NA,-0.667527957571014,NA,-0.667527957571014,-0.667527957571014,-0.667527957571014,-0.667527957571014,-0.667527957571014,NA,NA,NA,NA,-0.667527957571014
20110800_S3M_18,-0.738365568846803,-0.738365568846803,-0.738365568846802,-0.738365568846802,-0.738365568846802,-0.738365568846803,NA,-0.738365568846802,-0.738365568846802,-0.738365568846802,-0.738365568846802,-0.738365568846802,-0.738365568846802,-0.738365568846802,-0.738365568846803,NA,-0.738365568846802,-0.738365568846802,-0.738365568846803,-0.738365568846802,-0.738365568846802,NA
20130700_C2D_3,NA,NA,-0.524230262446727,NA,NA,NA,NA,NA,NA,NA,NA,-0.524230262446727,NA,NA,NA,NA,NA,NA,NA,NA,NA,NA
20170700_S25_13,-0.521271906816566,-0.521271906816566,-0.521271906816566,-0.521271906816566,-0.521271906816566,-0.521271906816566,NA,-0.521271906816566,-0.521271906816566,-0.521271906816566,-0.521271906816566,-0.521271906816566,-0.521271906816566,-0.521271906816566,-0.521271906816566,NA,-0.521271906816566,-0.521271906816566,-0.521271906816566,-0.521271906816566,-0.521271906816566,NA
20130700_S3M_3,-0.554830865575643,-0.554830865575642,NA,-0.554830865575642,-0.554830865575642,NA,NA,-0.554830865575643,NA,NA,NA,-0.554830865575643,-0.554830865575642,-0.554830865575643,-0.554830865575643,NA,-0.554830865575643,-0.554830865575642,NA,NA,-0.554830865575642,NA
20150700_E15_22,-0.495094748484552,-0.495094748484552,-0.495094748484552,-0.495094748484552,-0.495094748484552,-0.495094748484552,NA,NA,-0.495094748484552,-0.495094748484552,-0.495094748484552,-0.495094748484552,NA,-0.495094748484552,-0.495094748484552,NA,-0.495094748484552,-0.495094748484552,-0.495094748484552,-0.495094748484552,-0.495094748484552,NA
20170700_S24_14,-11.2767501892955,-11.5917619971727,-11.7298092207926,-11.5751436858471,-11.507715577907,-11.6876906489305,-11.7730432976384,-11.4341227434351,-11.49023407797,-11.7484784866111,-11.9613174781603,-11.0865005563619,-11.4389621576698,-11.3692069843435,-12.3864019394627,-12.0609885146937,-11.4183905329007,-11.6039375594242,-11.5374171515574,-11.506413868334,-11.7358498826389,-12.0699504247137
20120800_E1D_18,NA,NA,-0.666365285934455,NA,-0.666365285934455,-0.666365285934455,NA,-0.666365285934455,-0.666365285934455,-0.666365285934455,-0.666365285934455,-0.666365285934454,NA,NA,-0.666365285934455,NA,-0.666365285934455,-0.666365285934455,-0.666365285934455,-0.666365285934455,-0.666365285934455,NA
20110600_S1M_11,NA,NA,-0.679053633150123,NA,-0.679053633150123,-0.679053633150123,NA,-0.679053633150123,-0.679053633150123,NA,NA,-0.679053633150124,NA,NA,-0.679053633150123,NA,-0.679053633150123,-0.679053633150124,-0.679053633150123,-0.679053633150124,-0.679053633150123,NA
20120700_S1D_104,-0.655784636185834,-0.655784636185834,NA,-0.655784636185834,-0.655784636185834,-0.655784636185834,NA,-0.655784636185834,-0.655784636185834,-0.655784636185834,-0.655784636185834,-0.655784636185834,NA,-0.655784636185834,-0.655784636185834,NA,-0.655784636185834,-0.655784636185834,-0.655784636185834,-0.655784636185834,-0.655784636185834,NA
20150700_S15_15,NA,NA,-0.617551312137603,NA,NA,-0.617551312137603,NA,NA,NA,NA,NA,-0.617551312137603,NA,NA,-0.617551312137603,NA,NA,-0.617551312137603,-0.617551312137603,NA,NA,NA
20110700_S3M_11,-0.634960220005783,-0.634960220005783,-0.634960220005783,NA,-0.634960220005784,-0.634960220005783,NA,-0.634960220005783,-0.634960220005783,-0.634960220005783,NA,-0.634960220005783,-0.634960220005783,-0.634960220005783,-0.634960220005784,NA,-0.634960220005783,-0.634960220005783,-0.634960220005783,-0.634960220005784,-0.634960220005783,NA
20120800_E3X_27,NA,NA,NA,NA,NA,-0.650520884049926,NA,NA,NA,NA,NA,-0.650520884049927,-0.650520884049926,NA,-0.650520884049927,NA,-0.650520884049926,-0.650520884049927,-0.650520884049926,NA,NA,NA
20170700_S25_7,NA,NA,-0.648297050450529,NA,NA,-0.648297050450529,NA,-0.648297050450529,-0.648297050450529,NA,-0.648297050450529,-0.648297050450529,NA,-0.648297050450529,-0.648297050450529,NA,NA,-0.648297050450529,-0.648297050450529,-0.648297050450529,-0.648297050450529,NA
20170700_S33_23,-0.607316617712441,-0.607316617712441,-0.607316617712441,NA,-0.607316617712441,-0.607316617712441,NA,-0.607316617712441,NA,NA,-0.607316617712441,-0.607316617712441,-0.607316617712441,-0.607316617712441,-0.607316617712441,NA,-0.607316617712441,-0.607316617712441,-0.607316617712441,-0.607316617712441,-0.607316617712441,NA
20150700_E15_20,NA,-0.719143709873232,-0.719143709873233,NA,-0.719143709873232,-0.719143709873232,NA,-0.719143709873232,-0.719143709873232,NA,NA,-0.719143709873232,NA,NA,-0.719143709873232,NA,NA,-0.719143709873232,-0.719143709873232,-0.719143709873232,-0.719143709873233,NA
20110800_S2M_3,-11.5334783599365,-11.238578841638,-11.6321345746497,-11.7787670872974,-11.7326984916148,-11.9565326601186,-11.4584668575866,-11.856895254371,-11.4490970827257,-11.5584725511506,-11.9192562077036,-12.2187582982084,-11.6109009040229,-11.5304243287094,-11.3102805785195,-11.6507514728355,-11.4416406594717,-11.7573655793711,-11.2726460522924,-11.2292803374374,-11.5895210147961,-11.723558211024
20130700_S2D_2,NA,NA,-0.613052779851387,NA,-0.613052779851387,-0.613052779851387,NA,-0.613052779851387,-0.613052779851387,NA,NA,-0.613052779851387,NA,NA,-0.613052779851387,NA,-0.613052779851387,-0.613052779851387,-0.613052779851387,NA,NA,NA
20150700_E14_10,-0.632440220724723,-0.632440220724723,NA,NA,-0.632440220724723,-0.632440220724723,NA,-0.632440220724723,-0.632440220724723,NA,NA,-0.632440220724723,NA,-0.632440220724723,-0.632440220724723,NA,NA,-0.632440220724723,-0.632440220724723,NA,NA,NA
20120700_S3X_7,-0.505657678656427,-0.505657678656427,-0.505657678656427,-0.505657678656426,-0.505657678656427,-0.505657678656426,-0.505657678656427,-0.505657678656427,-0.505657678656427,-0.505657678656426,-0.505657678656427,-0.505657678656427,-0.505657678656427,-0.505657678656427,-0.505657678656427,NA,-0.505657678656427,-0.505657678656427,-0.505657678656427,-0.505657678656427,-0.505657678656427,-0.505657678656427
20150700_S23_11,-0.323652751863436,-0.323652751863436,NA,-0.323652751863436,-0.323652751863436,NA,-0.323652751863436,-0.323652751863436,-0.323652751863436,-0.323652751863436,-0.323652751863436,-0.323652751863436,-0.323652751863436,-0.323652751863436,-0.323652751863436,-0.323652751863436,-0.323652751863436,-0.323652751863436,-0.323652751863436,NA,-0.323652751863436,-0.323652751863436
20110700_P1S_2,NA,NA,NA,NA,NA,NA,-0.552988270015048,NA,NA,NA,NA,NA,NA,NA,NA,NA,NA,NA,NA,NA,NA,-0.552988270015048
20130700_C2Y_2,NA,NA,NA,NA,NA,NA,NA,NA,NA,NA,NA,-0.535212843292928,NA,NA,NA,NA,NA,NA,NA,NA,NA,NA
20130700_S2M_1,-0.515774592223223,-0.515774592223223,-0.515774592223223,-0.515774592223223,-0.515774592223223,-0.515774592223223,NA,-0.515774592223223,-0.515774592223223,-0.515774592223223,-0.515774592223223,-0.515774592223223,-0.515774592223223,-0.515774592223223,-0.515774592223223,NA,-0.515774592223223,-0.515774592223223,-0.515774592223223,-0.515774592223223,-0.515774592223223,NA
20120700_S1D_57,-0.539299366677706,-0.539299366677706,-0.539299366677706,-0.539299366677706,-0.539299366677706,-0.539299366677706,NA,-0.539299366677706,-0.539299366677706,-0.539299366677706,-0.539299366677706,-0.539299366677706,NA,-0.539299366677706,-0.539299366677706,NA,-0.539299366677706,-0.539299366677706,-0.539299366677706,-0.539299366677706,-0.539299366677706,NA
20120600_S2D_6,-0.531380408191368,-0.531380408191368,-0.531380408191368,-0.531380408191368,-0.531380408191368,-0.531380408191368,NA,-0.531380408191368,-0.531380408191368,-0.531380408191368,-0.531380408191368,-0.531380408191368,NA,-0.531380408191368,-0.531380408191368,NA,-0.531380408191368,-0.531380408191368,-0.531380408191368,-0.531380408191368,-0.531380408191368,NA
20170700_S25_9,NA,NA,-0.664282331718922,NA,-0.664282331718922,-0.664282331718922,NA,NA,-0.664282331718922,-0.664282331718922,NA,-0.664282331718922,NA,NA,-0.664282331718922,NA,-0.664282331718922,-0.664282331718922,-0.664282331718922,-0.664282331718922,-0.664282331718922,NA
20160700_E25_15,NA,NA,NA,NA,-0.561710884050105,-0.561710884050105,NA,NA,-0.561710884050105,NA,NA,-0.561710884050105,NA,NA,NA,NA,NA,-0.561710884050105,-0.561710884050105,-0.561710884050105,-0.561710884050105,NA
20170700_S34_10,NA,NA,NA,NA,NA,NA,NA,NA,NA,NA,NA,-0.477671809934549,NA,NA,NA,NA,NA,NA,NA,NA,NA,NA
3300023248_5,NA,NA,-0.508698702485703,NA,NA,-0.508698702485703,NA,NA,NA,NA,NA,-0.508698702485703,NA,NA,-0.508698702485703,NA,NA,NA,-0.508698702485703,NA,NA,NA
20170700_E15_6,NA,NA,-0.426328031369262,NA,NA,NA,NA,NA,-0.426328031369262,NA,NA,-0.426328031369262,NA,NA,NA,NA,NA,NA,-0.426328031369262,-0.426328031369262,-0.426328031369262,NA
20120600_E3D_3,NA,NA,-0.511371909536633,NA,NA,NA,NA,NA,NA,NA,NA,-0.511371909536634,NA,NA,NA,NA,NA,NA,NA,NA,NA,NA
20120600_E1D_19,NA,NA,-0.723907980619301,NA,-0.723907980619301,-0.723907980619301,NA,NA,NA,NA,NA,-0.723907980619301,NA,NA,-0.723907980619301,NA,NA,-0.723907980619301,-0.723907980619301,-0.723907980619301,-0.723907980619301,NA
20120600_S1D_7,-0.658852562507685,-0.658852562507685,-0.658852562507685,-0.658852562507685,-0.658852562507685,-0.658852562507685,NA,-0.658852562507685,-0.658852562507685,-0.658852562507685,-0.658852562507685,-0.658852562507685,-0.658852562507685,-0.658852562507685,-0.658852562507685,NA,-0.658852562507685,-0.658852562507685,-0.658852562507685,-0.658852562507685,-0.658852562507685,NA
20110700_P2D_11,NA,NA,-0.737682283207779,NA,-0.737682283207779,-0.737682283207779,NA,NA,-0.737682283207779,NA,NA,-0.737682283207779,NA,NA,-0.737682283207779,NA,-0.737682283207779,-0.737682283207779,-0.737682283207779,-0.737682283207779,-0.737682283207779,NA
PLCS01,NA,NA,-0.759348803610273,NA,-0.759348803610273,-0.759348803610273,NA,NA,NA,NA,NA,-0.759348803610273,NA,NA,-0.759348803610273,NA,NA,-0.759348803610273,-0.759348803610273,-0.759348803610273,-0.759348803610273,NA
20170700_S35_18,NA,NA,NA,NA,NA,NA,NA,NA,NA,NA,NA,-0.636624755009393,NA,NA,NA,NA,NA,NA,NA,NA,NA,NA
20150700_E15_4,NA,NA,-0.593001963226572,NA,-0.593001963226572,NA,NA,NA,-0.593001963226572,NA,NA,-0.593001963226572,NA,NA,-0.593001963226572,NA,NA,NA,NA,-0.593001963226572,-0.593001963226572,NA
20130700_E2Y_10,NA,NA,NA,NA,NA,NA,NA,NA,NA,NA,NA,-0.623671887702819,NA,NA,NA,NA,NA,NA,NA,NA,NA,NA
20160700_E23_21,NA,NA,NA,NA,-0.615721009883784,NA,NA,-0.615721009883784,-0.615721009883784,-0.615721009883784,NA,-0.615721009883784,NA,NA,NA,NA,NA,-0.615721009883784,-0.615721009883784,-0.615721009883784,-0.615721009883784,NA
20160700_E25_11,NA,NA,NA,NA,NA,NA,NA,NA,NA,NA,NA,-0.642855386816527,NA,NA,NA,NA,NA,NA,NA,NA,NA,NA
20140700_S16_20,NA,NA,NA,NA,NA,-0.658047956967301,NA,NA,NA,NA,NA,-0.658047956967301,NA,NA,NA,NA,NA,NA,-0.658047956967301,NA,NA,NA
20170700_S34_24,NA,-0.631270557661127,-0.631270557661127,NA,-0.631270557661127,-0.631270557661127,NA,-0.631270557661127,-0.631270557661127,-0.631270557661127,NA,-0.631270557661127,NA,NA,-0.631270557661127,NA,-0.631270557661127,-0.631270557661127,-0.631270557661127,-0.631270557661127,-0.631270557661127,NA
20170700_S34_23,NA,NA,NA,NA,NA,-0.635973064393426,NA,NA,NA,NA,NA,-0.635973064393426,NA,NA,-0.635973064393426,NA,NA,NA,-0.635973064393426,NA,NA,NA
20120800_E1D_14,-11.5847371004485,-11.778753625999,-11.5406918158751,-11.0884764730697,-12.1809718990529,-11.5778447818259,-11.5704497013277,-11.8904911214699,-11.8002469835743,-11.5696058255119,-11.3789115908576,-11.6377038050261,-11.4010977138884,-11.5080023214932,-12.2490807335354,-11.7059586368786,-11.2102717764135,-11.3381663938783,-11.58537014564,-11.6993926337497,-11.7290203660269,-11.8493416077004
20140700_S11_11,-0.776452667082641,-0.776452667082641,-0.776452667082642,-0.776452667082641,-0.776452667082641,-0.776452667082642,NA,-0.776452667082641,-0.776452667082642,NA,NA,-0.776452667082641,-0.776452667082642,-0.776452667082642,-0.776452667082642,NA,-0.776452667082641,-0.776452667082642,-0.776452667082641,-0.776452667082641,-0.776452667082642,NA
20130700_S1Z_5,NA,NA,-0.609864526589608,NA,NA,NA,NA,NA,NA,NA,-0.609864526589607,-0.609864526589607,NA,NA,NA,NA,NA,-0.609864526589607,NA,NA,-0.609864526589607,NA
20150700_E14_2,-0.609809037177106,-0.609809037177106,-0.609809037177106,NA,-0.609809037177106,-0.609809037177106,NA,-0.609809037177106,-0.609809037177106,-0.609809037177106,-0.609809037177106,-0.609809037177106,NA,-0.609809037177106,-0.609809037177106,NA,-0.609809037177106,-0.609809037177106,-0.609809037177106,-0.609809037177106,-0.609809037177106,NA
20140700_S11_6,-0.561680687720617,-0.561680687720617,NA,NA,NA,NA,NA,NA,NA,NA,-0.561680687720617,-0.561680687720617,NA,-0.561680687720617,NA,NA,NA,NA,NA,-0.561680687720617,NA,NA
20140700_S11_15,-0.580399948392191,-0.580399948392191,-0.580399948392191,-0.580399948392191,-0.580399948392191,-0.580399948392191,NA,-0.580399948392191,-0.580399948392191,-0.580399948392191,-0.580399948392191,-0.580399948392191,NA,-0.580399948392191,-0.580399948392191,NA,-0.580399948392191,-0.580399948392191,-0.580399948392191,-0.580399948392191,-0.580399948392191,NA
20160700_E25_13,NA,NA,-0.650548550522134,NA,-0.650548550522134,NA,NA,NA,NA,NA,NA,-0.650548550522134,NA,NA,NA,NA,NA,NA,NA,-0.650548550522134,NA,NA
20170700_S33_5,NA,NA,NA,NA,NA,NA,NA,NA,-0.377089288765766,NA,NA,NA,NA,NA,NA,NA,NA,NA,NA,NA,NA,NA
20120800_S3X_7,NA,NA,-0.234804741307698,NA,NA,-0.234804741307698,NA,NA,-0.234804741307698,NA,NA,-0.234804741307698,NA,NA,-0.234804741307698,NA,-0.234804741307698,-0.234804741307698,-0.234804741307698,-0.234804741307698,NA,NA
20130700_S2S_12,-0.213591283039659,NA,NA,-0.213591283039659,NA,NA,-0.213591283039659,NA,NA,-0.213591283039659,-0.213591283039659,-0.213591283039659,-0.213591283039659,NA,NA,-0.213591283039659,-0.213591283039659,NA,NA,NA,NA,NA
20110800_S3S_31,0.0275155804720137,NA,NA,0.0275155804720136,NA,NA,0.0275155804720138,NA,NA,0.0275155804720136,0.0275155804720137,0.0275155804720135,0.0275155804720137,NA,NA,0.0275155804720138,0.0275155804720137,NA,NA,NA,NA,0.0275155804720135
20110800_S1S_12,NA,NA,NA,NA,NA,NA,NA,NA,NA,-0.169911387679285,NA,NA,-0.169911387679285,NA,NA,-0.169911387679285,-0.169911387679285,NA,NA,NA,NA,NA
20170700_S25_1,NA,NA,-0.507598761867878,NA,NA,-0.507598761867878,NA,NA,NA,NA,NA,-0.507598761867878,NA,NA,-0.507598761867877,NA,NA,NA,-0.507598761867878,NA,NA,NA
20110600_S1D_17,NA,NA,-0.371522943009381,NA,-0.371522943009381,-0.371522943009381,NA,-0.371522943009381,-0.371522943009381,NA,NA,-0.371522943009381,NA,NA,-0.371522943009381,NA,-0.371522943009381,-0.371522943009381,-0.371522943009381,-0.371522943009381,-0.371522943009381,NA
20120700_S1D_51,-0.232160744220968,-0.232160744220968,-0.232160744220968,-0.232160744220968,-0.232160744220968,-0.232160744220968,NA,-0.232160744220968,NA,-0.232160744220968,-0.232160744220968,-0.232160744220968,-0.232160744220968,-0.232160744220968,-0.232160744220968,NA,-0.232160744220968,-0.232160744220968,-0.232160744220968,-0.232160744220968,-0.232160744220968,NA
PLPO01,NA,NA,-0.452420544983835,NA,NA,-0.452420544983835,NA,-0.452420544983835,-0.452420544983835,NA,NA,-0.452420544983835,NA,NA,-0.452420544983835,NA,NA,-0.452420544983835,-0.452420544983835,-0.452420544983835,-0.452420544983835,NA
20120500_P28_11,NA,NA,-0.412452082644278,NA,-0.412452082644278,-0.412452082644278,NA,-0.412452082644279,-0.412452082644278,NA,NA,-0.412452082644278,NA,NA,-0.412452082644278,NA,-0.412452082644278,-0.412452082644278,-0.412452082644278,-0.412452082644278,-0.412452082644278,NA
20170700_S24_5,-0.367638425601283,-0.367638425601283,-0.367638425601283,NA,-0.367638425601283,-0.367638425601283,NA,-0.367638425601283,-0.367638425601283,NA,NA,-0.367638425601283,NA,-0.367638425601283,-0.367638425601283,NA,NA,-0.367638425601283,-0.367638425601283,-0.367638425601283,-0.367638425601283,NA
20110800_E3M_6,NA,NA,NA,NA,NA,NA,NA,NA,NA,NA,NA,-0.370694706810692,NA,NA,NA,NA,NA,NA,NA,NA,NA,NA
20120600_S3M_3,-12.01191220041,-11.6654321300645,-11.9064429069631,-11.2074779656308,-12.0994132015888,-11.6191020858517,-11.5632854164979,-11.5885549947599,-11.9948596109859,-11.781332303274,-12.063688817921,-11.6806397202727,-11.6156350044136,-11.8352360142154,-11.4191282206712,-11.6147996265588,-11.5548831198786,-12.150577400148,-11.491012367577,-12.026668428139,-11.5673192769626,-11.5970186304972
20120500_P26_1,NA,NA,NA,NA,NA,NA,NA,NA,NA,NA,NA,-0.647999518133127,NA,NA,NA,NA,NA,NA,NA,NA,NA,NA
PLHP01,NA,NA,NA,NA,NA,NA,NA,NA,NA,NA,NA,-0.631372207085572,NA,NA,NA,NA,NA,NA,NA,NA,NA,NA
20120500_P38_6,NA,NA,NA,NA,NA,NA,NA,NA,NA,NA,NA,-0.650900794765961,NA,NA,NA,NA,NA,NA,NA,NA,NA,NA
20100900_E1D_10,NA,NA,-0.673287341783684,NA,-0.673287341783684,-0.673287341783684,NA,NA,NA,NA,NA,-0.673287341783684,NA,NA,-0.673287341783684,NA,NA,-0.673287341783684,-0.673287341783684,NA,NA,NA
20170700_S25_26,NA,NA,-0.654623379296797,NA,NA,-0.654623379296797,NA,NA,NA,NA,NA,-0.654623379296798,NA,NA,-0.654623379296798,NA,-0.654623379296797,-0.654623379296797,-0.654623379296797,NA,NA,NA
20160700_E25_27,NA,NA,NA,NA,-0.723601513182371,-0.723601513182371,NA,NA,NA,-0.723601513182371,NA,-0.723601513182371,NA,NA,-0.723601513182371,NA,-0.723601513182371,-0.723601513182372,-0.723601513182371,NA,NA,NA
20160700_S15_2,NA,NA,-0.670541684987409,NA,-0.670541684987409,-0.670541684987409,NA,-0.670541684987409,-0.670541684987409,NA,NA,-0.670541684987409,NA,NA,-0.670541684987409,NA,-0.670541684987409,-0.670541684987409,-0.670541684987409,-0.670541684987409,NA,NA
20111000_S1D_6,-0.643996370733563,-0.643996370733563,NA,-0.643996370733563,-0.643996370733563,NA,-0.643996370733563,-0.643996370733563,NA,-0.643996370733563,-0.643996370733563,-0.643996370733563,NA,-0.643996370733563,-0.643996370733563,NA,-0.643996370733563,-0.643996370733563,NA,NA,NA,-0.643996370733563
20160700_S23_13,NA,NA,NA,NA,NA,NA,NA,NA,NA,NA,NA,NA,NA,NA,NA,-0.61574447879459,NA,NA,NA,NA,NA,NA
20120700_S1D_21,NA,NA,NA,NA,-0.455206549022207,-0.455206549022207,NA,NA,NA,NA,NA,-0.455206549022207,NA,NA,-0.455206549022207,NA,NA,-0.455206549022207,NA,NA,NA,NA
20170700_S33_29,NA,NA,NA,NA,NA,-0.502832576374303,NA,NA,NA,NA,NA,-0.502832576374303,NA,NA,-0.502832576374303,NA,NA,-0.502832576374303,-0.502832576374303,NA,NA,NA
20110800_S3D_19,NA,NA,-0.453491736971052,NA,NA,-0.453491736971052,NA,NA,NA,NA,NA,-0.453491736971052,NA,NA,-0.453491736971052,NA,-0.453491736971052,-0.453491736971052,-0.453491736971052,NA,NA,NA
20120700_P3D_35,NA,NA,NA,NA,NA,-0.0954594986280645,NA,-0.0954594986280645,-0.0954594986280645,NA,NA,-0.0954594986280645,NA,NA,NA,NA,NA,-0.0954594986280645,-0.0954594986280646,NA,NA,NA
20120700_S1D_86,NA,NA,NA,NA,-0.168800915857518,-0.168800915857518,NA,NA,NA,NA,NA,-0.168800915857518,NA,NA,-0.168800915857518,NA,-0.168800915857518,-0.168800915857518,-0.168800915857518,NA,NA,NA
20170700_S31_11,NA,NA,NA,NA,NA,NA,-0.0680821992011659,NA,NA,NA,NA,NA,NA,NA,NA,-0.0680821992011658,NA,NA,NA,NA,NA,-0.0680821992011658
20110800_S1M_8,NA,NA,NA,NA,NA,NA,NA,NA,NA,NA,NA,-0.381663018355965,NA,NA,NA,NA,NA,NA,NA,NA,NA,NA
20140700_S21_14,-0.133275535747983,NA,NA,-0.133275535747983,NA,NA,-0.133275535747983,NA,NA,-0.133275535747983,NA,NA,-0.133275535747983,-0.133275535747983,NA,-0.133275535747983,-0.133275535747983,NA,NA,NA,NA,-0.133275535747983
20110700_S3M_15,-0.183723819313031,-0.183723819313031,-0.183723819313031,NA,NA,NA,-0.183723819313031,-0.183723819313031,NA,NA,NA,-0.183723819313031,NA,-0.183723819313031,-0.183723819313031,-0.183723819313031,NA,NA,NA,NA,NA,-0.183723819313031
20130700_S3Z_1,NA,NA,NA,NA,NA,NA,NA,NA,NA,NA,NA,-0.358873238938275,NA,NA,NA,NA,NA,NA,NA,NA,NA,NA
20150700_S21_6,NA,NA,NA,NA,NA,NA,-0.282952571993385,NA,NA,NA,NA,NA,NA,NA,NA,-0.282952571993385,NA,NA,NA,NA,NA,-0.282952571993385
20111000_P2S_1,NA,NA,NA,NA,NA,NA,-0.301461133278974,NA,NA,NA,NA,NA,NA,NA,NA,-0.301461133278974,NA,NA,NA,NA,NA,-0.301461133278974
20110700_S3M_12,NA,NA,-0.110332414444126,NA,-0.110332414444126,-0.110332414444126,NA,-0.110332414444126,-0.110332414444126,NA,NA,-0.110332414444126,NA,NA,-0.110332414444126,NA,NA,-0.110332414444126,-0.110332414444126,-0.110332414444126,-0.110332414444126,NA
20120700_S1D_41,NA,NA,-0.215664999593543,NA,NA,-0.215664999593543,NA,NA,-0.215664999593543,NA,NA,-0.215664999593543,NA,NA,-0.215664999593543,NA,-0.215664999593543,-0.215664999593543,-0.215664999593543,-0.215664999593543,NA,NA
20120700_S1D_79,NA,-0.256522103913372,NA,NA,-0.256522103913372,-0.256522103913372,NA,-0.256522103913372,-0.256522103913371,NA,-0.256522103913372,-0.256522103913372,NA,NA,NA,NA,NA,-0.256522103913372,NA,-0.256522103913371,-0.256522103913371,NA
20150700_E23_6,NA,NA,NA,NA,NA,-0.346657808244392,NA,NA,-0.346657808244392,NA,NA,-0.346657808244392,NA,NA,NA,NA,NA,-0.346657808244392,NA,-0.346657808244392,-0.346657808244392,NA
20120700_S1D_63,NA,-0.162324429651786,-0.162324429651786,NA,-0.162324429651786,-0.162324429651786,NA,NA,-0.162324429651786,-0.162324429651786,-0.162324429651786,-0.162324429651786,NA,NA,-0.162324429651786,NA,NA,-0.162324429651786,-0.162324429651786,-0.162324429651786,-0.162324429651786,NA
3300022861_2,-0.17437186381894,-0.17437186381894,-0.17437186381894,NA,-0.174371863818939,-0.17437186381894,NA,NA,-0.17437186381894,NA,NA,-0.174371863818939,NA,-0.17437186381894,-0.174371863818939,NA,NA,-0.17437186381894,-0.174371863818939,-0.17437186381894,-0.17437186381894,NA
20120700_S1X_12,NA,NA,-0.576365382562102,NA,NA,-0.576365382562102,NA,NA,NA,NA,NA,-0.576365382562102,NA,NA,-0.576365382562102,NA,NA,NA,-0.576365382562102,NA,NA,NA
20120700_P1D_3,NA,NA,NA,NA,NA,NA,NA,NA,NA,NA,NA,-0.56529926260184,NA,NA,NA,NA,NA,NA,NA,NA,NA,NA
20120700_P3D_61,NA,NA,NA,NA,NA,NA,NA,NA,NA,NA,NA,-0.531283419870175,NA,NA,NA,NA,NA,NA,NA,NA,NA,NA
20120700_S1D_76,-11.5946508011376,-12.2499958609339,-11.5434014168009,-12.0664866400969,-12.1130207242319,-11.6744998194257,-11.4469080234805,-11.5802827918537,-11.5945419396314,-11.7536147743718,-11.3744534064839,-11.7635890355012,-11.3043374264343,-11.2372440199588,-12.3027730007989,-11.3216502438462,-11.6134656875414,-12.0745473503134,-11.9811305172423,-11.1556649180359,-11.304506498964,-11.6010538369203
20170700_S31_5,-0.676502522865919,-0.67650252286592,NA,NA,NA,NA,-0.67650252286592,NA,NA,NA,-0.67650252286592,-0.67650252286592,NA,-0.67650252286592,NA,-0.67650252286592,NA,NA,NA,NA,NA,-0.67650252286592
20111000_S1D_12,-0.579274782924758,-0.579274782924758,NA,-0.579274782924758,-0.579274782924758,NA,-0.579274782924758,-0.579274782924758,-0.579274782924758,NA,-0.579274782924758,-0.579274782924758,NA,-0.579274782924758,-0.579274782924758,-0.579274782924758,NA,-0.579274782924758,NA,NA,NA,-0.579274782924758
20110800_S1M_20,NA,NA,NA,NA,NA,0.782813080664962,NA,NA,NA,NA,NA,0.782813080664962,NA,NA,NA,NA,NA,NA,NA,NA,NA,NA
20170700_S25_38,NA,NA,0.969990121330855,NA,NA,0.969990121330855,NA,NA,0.969990121330855,NA,NA,0.969990121330856,NA,NA,0.969990121330856,NA,NA,0.969990121330856,0.969990121330855,NA,NA,NA
20120700_P3D_12,NA,NA,NA,NA,NA,NA,NA,NA,NA,NA,NA,0.568874739822084,NA,NA,NA,NA,NA,NA,NA,NA,NA,NA
20110800_E3D_19,NA,NA,NA,NA,NA,NA,NA,NA,NA,NA,NA,0.451371303486603,NA,NA,NA,NA,NA,NA,NA,NA,NA,NA
20120700_S1D_13,NA,NA,0.826298065841314,NA,NA,0.826298065841313,NA,NA,NA,NA,NA,0.826298065841314,NA,NA,0.826298065841314,NA,NA,0.826298065841314,0.826298065841313,NA,NA,NA
20120700_P3D_142,NA,NA,NA,NA,NA,NA,NA,NA,NA,NA,NA,0.577366425727669,NA,NA,NA,NA,NA,NA,NA,NA,NA,NA
20120700_S1D_48,NA,NA,1.30585066143941,NA,1.30585066143941,1.30585066143941,NA,1.30585066143941,NA,NA,NA,1.30585066143941,NA,1.30585066143941,1.30585066143941,NA,NA,1.30585066143941,1.30585066143941,NA,NA,NA
20110700_P2S_4,NA,NA,NA,NA,NA,NA,NA,NA,NA,NA,NA,0.652920682873203,NA,NA,NA,NA,NA,NA,NA,NA,NA,NA
20170700_P31_1,NA,NA,0.708036883993686,NA,NA,NA,NA,NA,NA,NA,NA,0.708036883993686,0.708036883993686,NA,NA,NA,NA,NA,NA,NA,NA,0.708036883993687
20140700_S31_3,NA,NA,NA,1.3463841120055,NA,NA,1.3463841120055,NA,NA,1.3463841120055,NA,NA,1.3463841120055,1.3463841120055,NA,1.3463841120055,1.3463841120055,NA,NA,NA,NA,1.3463841120055
20120700_P2M_5,NA,NA,NA,NA,NA,NA,NA,NA,NA,NA,NA,0.825612950605691,NA,NA,NA,NA,NA,NA,NA,NA,NA,NA
20110600_P3S_4,NA,NA,NA,NA,NA,NA,1.42212271709287,NA,NA,1.42212271709287,NA,NA,1.42212271709287,NA,NA,1.42212271709287,1.42212271709287,NA,NA,NA,NA,1.42212271709287
20120700_S1D_25,NA,2.83177070765205,2.83177070765205,NA,2.83177070765205,2.83177070765205,NA,2.83177070765205,2.83177070765205,2.83177070765205,2.83177070765205,2.83177070765205,NA,2.83177070765205,2.83177070765205,NA,2.83177070765205,2.83177070765205,2.83177070765205,2.83177070765205,2.83177070765205,NA
3300036876_12,3.56389731246259,3.56389731246259,3.56389731246259,3.56389731246259,3.56389731246259,3.56389731246259,NA,3.56389731246259,NA,3.56389731246259,3.56389731246259,3.56389731246259,NA,NA,3.56389731246259,NA,3.56389731246259,3.56389731246259,3.56389731246259,3.56389731246259,3.56389731246259,NA
3300037185_7,NA,NA,NA,NA,NA,NA,NA,NA,NA,NA,NA,3.888863786319,NA,NA,NA,NA,NA,NA,NA,NA,NA,NA
3300038457_7,2.85425306664656,2.85425306664656,2.85425306664656,NA,2.85425306664656,NA,NA,2.85425306664656,NA,NA,NA,2.85425306664656,NA,2.85425306664656,2.85425306664656,NA,NA,NA,NA,NA,NA,NA
