,June_P_1_S_12_so_R1,June_P_1_D_12_so_R1,June_P_2_S_12_so_R1,June_P_2_M_12_so_R1,June_P_2_D_12_so_R1,June_P_3_D_12_so_R1,July_P_1_S_12_so_R1,July_P_1_M_12_so_R1,July_P_1_D_12_so_R1,July_P_2_S_12_so_R1,July_P_2_M_12_so_R1,July_P_2_D_12_so_R1,July_P_3_S_12_so_R1,July_P_3_M_12_so_R1,Aug_P_1_S_12_so_R1,Aug_P_1_M_12_so_R1,Aug_P_1_D_12_so_R1,Aug_P_2_S_12_so_R1,Aug_P_2_M_12_so_R1,Aug_P_2_D_12_so_R1,Aug_P_3_M_12_so_R1
20111000_P2D_6,NA,NA,NA,NA,NA,NA,NA,NA,1.62493820448822,NA,NA,1.62493820448822,NA,NA,NA,NA,1.62493820448822,NA,NA,NA,NA
20120500_P24_7,NA,NA,NA,NA,NA,NA,NA,2.73644870069822,2.73644870069822,NA,2.73644870069822,2.73644870069822,NA,2.73644870069822,NA,NA,NA,NA,2.73644870069822,2.73644870069822,2.73644870069822
20120700_P2D_10,NA,NA,NA,NA,NA,NA,NA,NA,2.14468657291712,NA,NA,2.14468657291712,NA,NA,NA,NA,NA,NA,NA,2.14468657291712,2.14468657291712
20111000_P2D_14,NA,NA,NA,NA,NA,NA,NA,NA,2.02722379797752,NA,NA,2.02722379797752,NA,NA,NA,NA,2.02722379797752,NA,NA,2.02722379797752,NA
20140700_E22_12,NA,NA,NA,NA,NA,NA,NA,NA,1.63418868649815,NA,NA,NA,NA,NA,NA,NA,NA,NA,NA,NA,NA
20130700_C2X_13,NA,NA,NA,NA,NA,NA,NA,NA,NA,NA,NA,NA,NA,NA,NA,NA,NA,NA,1.57822343644557,NA,NA
20110800_E2D_15,NA,NA,NA,NA,NA,NA,NA,NA,1.7394888435602,NA,NA,NA,NA,NA,NA,NA,NA,NA,NA,NA,NA
PLNE01,NA,NA,NA,NA,NA,NA,NA,NA,1.67582712051635,NA,NA,NA,NA,NA,NA,NA,NA,NA,NA,NA,NA
20120500_P26_8,NA,NA,NA,NA,NA,NA,NA,NA,1.71639372610571,NA,NA,NA,NA,NA,NA,NA,NA,NA,NA,NA,NA
20120700_P3D_66,NA,NA,NA,NA,NA,NA,NA,NA,NA,NA,NA,NA,NA,NA,NA,NA,1.31541425567202,NA,NA,NA,NA
PLZA01,NA,NA,NA,NA,NA,NA,NA,NA,NA,NA,NA,NA,NA,NA,NA,NA,1.26984562651952,NA,NA,NA,NA
PMOL01,NA,NA,NA,NA,NA,NA,NA,NA,NA,NA,NA,NA,NA,NA,NA,1.08895520220504,1.08895520220504,NA,NA,NA,NA
20120500_P23_1,NA,2.8180425631233,NA,2.8180425631233,2.8180425631233,2.8180425631233,NA,2.8180425631233,NA,NA,2.8180425631233,NA,NA,2.8180425631233,NA,2.8180425631233,NA,NA,2.8180425631233,NA,2.8180425631233
20120500_P15_4,NA,2.07433888073187,NA,NA,2.07433888073187,2.07433888073187,NA,2.07433888073187,NA,NA,NA,NA,NA,2.07433888073187,NA,2.07433888073187,NA,NA,2.07433888073187,NA,NA
3300028776_13,NA,NA,5.42497780255971,NA,NA,NA,5.42497780255971,NA,NA,NA,NA,NA,NA,NA,NA,NA,NA,NA,NA,NA,NA
3300037134_11,NA,NA,NA,4.38201011170283,NA,NA,NA,NA,NA,NA,NA,NA,NA,NA,NA,NA,NA,NA,NA,NA,NA
PLXZ01,NA,NA,NA,NA,NA,NA,NA,NA,5.72806505118632,NA,NA,NA,NA,NA,NA,NA,NA,NA,NA,NA,NA
20120700_P3D_39,NA,NA,NA,NA,NA,NA,NA,NA,NA,NA,NA,NA,NA,NA,NA,NA,-0.221933826126067,NA,NA,NA,NA
20120600_P2M_7,NA,0.140748676632468,NA,0.140748676632468,0.140748676632468,NA,NA,0.140748676632468,NA,0.140748676632468,NA,NA,0.140748676632468,NA,NA,NA,NA,0.140748676632468,0.140748676632468,NA,NA
20140700_S33_2,-0.0500305490185099,NA,-0.0500305490185098,NA,NA,NA,NA,NA,NA,NA,NA,NA,NA,-0.0500305490185097,NA,NA,NA,NA,NA,NA,NA
3300037200_7,-0.067548762629384,NA,-0.0675487626293839,NA,NA,NA,NA,NA,NA,NA,NA,NA,NA,NA,-0.0675487626293841,NA,NA,NA,NA,NA,NA
20110600_P3S_11,NA,NA,-0.0839831356743944,NA,NA,NA,-0.0839831356743944,NA,NA,NA,NA,NA,NA,NA,NA,NA,NA,NA,NA,NA,NA
20111000_S1D_3,NA,NA,NA,-0.0182443636970044,NA,NA,NA,NA,NA,NA,NA,NA,NA,NA,NA,NA,NA,NA,NA,NA,NA
20120700_P3D_84,NA,NA,NA,NA,NA,-0.517785998081559,NA,NA,-0.517785998081559,NA,NA,-0.517785998081559,NA,NA,NA,-0.517785998081559,-0.517785998081559,NA,NA,-0.517785998081559,NA
20150700_P14_7,NA,-0.504542817320427,-0.504542817320427,-0.504542817320427,-0.504542817320427,-0.504542817320427,NA,-0.504542817320427,NA,-0.504542817320427,-0.504542817320427,NA,NA,-0.504542817320427,NA,-0.504542817320427,NA,-0.504542817320427,-0.504542817320427,NA,-0.504542817320427
20120600_E2D_21,NA,NA,NA,NA,NA,NA,NA,NA,-0.634885355304453,NA,NA,-0.634885355304453,NA,NA,NA,-0.634885355304453,-0.634885355304453,NA,NA,-0.634885355304453,NA
20150700_P15_3,-0.255670921725908,-0.255670921725908,-0.255670921725908,-0.255670921725908,-0.255670921725908,NA,-0.255670921725908,-0.255670921725908,NA,-0.255670921725908,-0.255670921725908,NA,-0.255670921725908,-0.255670921725908,-0.255670921725908,NA,NA,-0.255670921725908,-0.255670921725908,NA,-0.255670921725908
20110800_S3D_3,NA,NA,NA,NA,NA,NA,NA,NA,NA,NA,NA,-0.315850886731212,NA,NA,NA,NA,NA,NA,NA,NA,NA
20110600_P3S_5,-0.645943365977269,NA,-0.645943365977269,NA,NA,NA,-0.645943365977269,NA,NA,-0.645943365977269,NA,NA,NA,NA,-0.645943365977269,NA,NA,-0.645943365977269,NA,NA,NA
20120500_P23_6,NA,-0.667930237103192,NA,-0.667930237103192,-0.667930237103192,-0.667930237103192,NA,-0.667930237103192,NA,NA,-0.667930237103192,-0.667930237103192,NA,-0.667930237103192,NA,-0.667930237103192,-0.667930237103192,NA,-0.667930237103192,-0.667930237103192,-0.667930237103192
20170700_S33_37,NA,NA,NA,NA,NA,NA,NA,NA,NA,NA,NA,NA,NA,NA,NA,NA,0.384241160490175,NA,NA,NA,NA
20110800_S3S_35,0.363884011241541,NA,NA,NA,NA,NA,NA,NA,NA,NA,NA,NA,NA,NA,NA,NA,NA,NA,NA,NA,NA
20120700_P3D_38,NA,NA,NA,NA,NA,NA,NA,NA,0.238096254672794,NA,NA,0.238096254672794,NA,NA,NA,NA,0.238096254672794,NA,NA,0.238096254672794,NA
20110600_P3S_13,0.292893266706323,NA,0.292893266706323,0.292893266706323,NA,NA,0.292893266706323,NA,NA,0.292893266706323,NA,NA,0.292893266706323,NA,0.292893266706323,NA,NA,0.292893266706323,NA,NA,NA
20110600_P3S_9,0.32771596494111,NA,0.327715964941111,0.327715964941111,NA,NA,0.327715964941111,NA,NA,0.32771596494111,NA,NA,0.327715964941111,NA,0.327715964941111,NA,NA,0.327715964941111,NA,NA,NA
20120600_P3M_4,0.25412340559086,NA,0.254123405590861,0.254123405590861,NA,NA,0.25412340559086,NA,NA,0.254123405590861,0.254123405590861,NA,0.254123405590861,NA,0.254123405590861,NA,NA,0.254123405590861,NA,NA,NA
20120500_P13_10,NA,NA,NA,NA,NA,NA,NA,NA,NA,NA,NA,NA,NA,NA,NA,NA,2.31090333351491,NA,NA,NA,NA
20170700_S25_36,NA,NA,NA,1.82645282463047,NA,NA,NA,NA,NA,NA,NA,NA,1.82645282463047,NA,1.82645282463047,NA,NA,NA,NA,NA,NA
20110800_S1S_3,NA,NA,NA,1.58311730074941,NA,NA,NA,NA,NA,NA,NA,NA,NA,NA,NA,NA,NA,NA,NA,NA,NA
20120700_S1D_43,NA,NA,NA,1.54175163271391,NA,NA,NA,NA,NA,NA,NA,NA,NA,NA,NA,NA,NA,NA,NA,NA,NA
PMSU01,NA,NA,NA,NA,NA,NA,-0.269577830975848,NA,NA,NA,NA,NA,NA,NA,NA,NA,NA,-0.269577830975848,NA,NA,NA
20110700_P1S_10,-0.561771131281952,-0.561771131281952,-0.561771131281951,-0.561771131281952,-0.561771131281952,NA,-0.561771131281952,-0.561771131281952,NA,-0.561771131281952,-0.561771131281952,NA,NA,-0.561771131281952,-0.561771131281952,-0.561771131281952,NA,NA,-0.561771131281952,NA,-0.561771131281952
20160700_P15_16,NA,-0.681992607595755,NA,NA,NA,NA,NA,-0.681992607595755,-0.681992607595755,NA,NA,-0.681992607595755,NA,NA,NA,-0.681992607595755,-0.681992607595755,NA,NA,-0.681992607595755,NA
3300037394_5,NA,-0.800443289342218,NA,NA,-0.800443289342218,-0.800443289342218,NA,-0.800443289342218,-0.800443289342218,NA,-0.800443289342218,-0.800443289342218,NA,-0.800443289342218,NA,-0.800443289342218,-0.800443289342218,NA,-0.800443289342218,-0.800443289342218,-0.800443289342218
20110700_P1S_11,-0.735338635420064,-0.735338635420064,-0.735338635420064,-0.735338635420064,-0.735338635420064,NA,-0.735338635420064,-0.735338635420064,NA,-0.735338635420064,-0.735338635420064,NA,-0.735338635420064,NA,-0.735338635420064,-0.735338635420064,NA,-0.735338635420064,-0.735338635420064,NA,-0.735338635420064
20111000_P1S_5,-0.314147776015604,-0.314147776015604,-0.314147776015604,-0.314147776015604,-0.314147776015604,NA,-0.314147776015604,NA,NA,-0.314147776015604,-0.314147776015604,NA,-0.314147776015604,NA,-0.314147776015604,NA,NA,-0.314147776015604,NA,NA,NA
20130700_C2M_2,-0.239484234456407,-0.239484234456407,-0.239484234456407,-0.239484234456407,NA,NA,-0.239484234456407,NA,NA,NA,-0.239484234456407,NA,-0.239484234456407,NA,-0.239484234456407,NA,NA,NA,NA,NA,NA
20110800_P3S_8,-0.349423054553756,-0.349423054553756,-0.349423054553756,-0.349423054553756,-0.349423054553756,-0.349423054553756,-0.349423054553756,-0.349423054553756,NA,-0.349423054553756,-0.349423054553756,NA,-0.349423054553756,-0.349423054553756,-0.349423054553756,-0.349423054553756,NA,-0.349423054553756,-0.349423054553756,NA,-0.349423054553756
20110700_P1M_3,NA,NA,-0.691281120867891,-0.691281120867891,NA,-0.691281120867891,NA,-0.691281120867891,NA,NA,-0.691281120867891,NA,-0.691281120867891,-0.691281120867891,NA,-0.691281120867891,NA,NA,-0.691281120867891,NA,-0.691281120867891
20170700_S33_22,NA,-0.762531135721651,-0.762531135721651,-0.762531135721651,NA,NA,NA,NA,NA,NA,NA,-0.762531135721651,NA,NA,NA,-0.762531135721651,-0.762531135721651,NA,NA,-0.762531135721651,NA
20130700_S3M_11,-0.776016547321986,-0.776016547321986,-0.776016547321985,-0.776016547321986,NA,NA,-0.776016547321985,-0.776016547321985,NA,NA,NA,NA,-0.776016547321986,NA,NA,NA,NA,NA,-0.776016547321985,NA,NA
PMOU01,-0.691694559055016,NA,-0.691694559055016,-0.691694559055016,NA,NA,-0.691694559055016,NA,NA,-0.691694559055016,NA,NA,-0.691694559055016,NA,NA,NA,NA,-0.691694559055016,NA,NA,NA
20120600_P2M_9,-0.539401266817403,-0.539401266817403,-0.539401266817403,-0.539401266817403,-0.539401266817403,NA,-0.539401266817403,-0.539401266817403,NA,-0.539401266817403,-0.539401266817403,NA,-0.539401266817403,NA,-0.539401266817403,-0.539401266817403,NA,-0.539401266817403,-0.539401266817403,NA,-0.539401266817403
PMST01,-0.540708059111789,-0.540708059111789,-0.540708059111789,-0.540708059111789,-0.540708059111789,NA,-0.540708059111789,-0.540708059111789,NA,-0.540708059111789,-0.540708059111789,NA,-0.540708059111789,NA,-0.540708059111789,-0.540708059111789,NA,-0.540708059111789,-0.540708059111789,NA,-0.540708059111789
20120700_P3D_23,NA,NA,NA,NA,NA,NA,NA,NA,NA,NA,NA,NA,NA,NA,NA,NA,0.550538195097588,NA,NA,NA,NA
20110600_P1M_23,NA,NA,NA,NA,NA,1.58534293517805,NA,NA,1.58534293517805,NA,NA,NA,NA,NA,NA,1.58534293517805,1.58534293517805,NA,NA,NA,NA
PLJD01,NA,NA,NA,NA,NA,NA,NA,NA,1.40477956964588,NA,NA,NA,NA,NA,NA,1.40477956964588,1.40477956964589,NA,NA,NA,NA
20120600_P3S_2,0.393613434658434,NA,0.393613434658434,0.393613434658434,0.393613434658434,NA,0.393613434658435,NA,NA,0.393613434658434,0.393613434658434,NA,0.393613434658434,NA,0.393613434658434,NA,NA,0.393613434658434,NA,NA,NA
20160700_P15_13,NA,0.025761416937167,0.0257614169371669,0.0257614169371669,0.025761416937167,0.025761416937167,0.025761416937167,0.0257614169371671,0.025761416937167,NA,0.0257614169371672,0.0257614169371672,0.0257614169371672,0.0257614169371671,NA,0.0257614169371672,0.0257614169371669,NA,0.0257614169371671,0.0257614169371671,0.0257614169371671
20110800_P2D_8,NA,NA,NA,NA,NA,-0.486336706073713,NA,-0.486336706073712,-0.486336706073713,NA,NA,-0.486336706073713,NA,NA,NA,-0.486336706073713,-0.486336706073713,NA,-0.486336706073713,-0.486336706073713,-0.486336706073713
PMOO01,NA,-0.460172767233072,NA,NA,-0.460172767233072,-0.460172767233072,NA,-0.460172767233072,-0.460172767233072,NA,NA,-0.460172767233072,NA,NA,NA,-0.460172767233072,NA,NA,-0.460172767233072,NA,-0.460172767233072
PMWT01,NA,NA,NA,-0.183477582407687,-0.183477582407687,NA,NA,-0.183477582407687,-0.183477582407687,NA,-0.183477582407687,-0.183477582407687,NA,-0.183477582407687,NA,NA,-0.183477582407687,NA,-0.183477582407687,-0.183477582407687,-0.183477582407687
20170700_P34_4,NA,0.197620951565839,NA,NA,0.197620951565839,0.197620951565839,NA,0.197620951565839,NA,NA,0.197620951565839,0.197620951565839,NA,0.197620951565839,NA,0.197620951565839,0.197620951565839,NA,0.197620951565839,NA,0.197620951565839
20120600_E2D_28,NA,NA,NA,NA,NA,NA,NA,NA,NA,NA,NA,NA,NA,NA,NA,NA,-0.118187525250543,NA,NA,NA,NA
20120700_P3D_97,NA,NA,NA,NA,NA,NA,NA,NA,-0.0448417864951475,NA,NA,NA,NA,NA,NA,NA,-0.0448417864951476,NA,NA,-0.0448417864951476,NA
20150700_P24_5,NA,NA,NA,NA,NA,NA,NA,0.228549546742626,0.228549546742626,NA,0.228549546742626,0.228549546742626,NA,0.228549546742626,NA,0.228549546742626,NA,NA,0.228549546742626,0.228549546742626,0.228549546742626
20140700_E14_11,NA,NA,NA,NA,NA,NA,NA,NA,NA,NA,NA,NA,NA,NA,NA,NA,NA,NA,-0.0320359088670128,NA,NA
20110800_E3D_9,NA,NA,NA,NA,NA,NA,NA,NA,-0.13861703300231,NA,NA,NA,NA,NA,NA,NA,NA,NA,NA,NA,NA
20130700_P1Y_3,NA,NA,NA,NA,NA,NA,NA,NA,0.1257439780606,NA,NA,0.1257439780606,NA,NA,NA,NA,0.1257439780606,NA,NA,0.1257439780606,NA
20120500_P32_5,NA,NA,NA,NA,NA,-0.0195064269372968,NA,NA,NA,NA,NA,NA,NA,NA,NA,NA,NA,NA,NA,NA,NA
20120700_P3D_115,NA,NA,NA,NA,NA,NA,NA,NA,-0.0659955482893288,NA,NA,-0.0659955482893286,NA,NA,NA,NA,NA,NA,NA,NA,NA
20120500_P23_4,NA,NA,0.20317025950342,0.20317025950342,0.20317025950342,0.20317025950342,0.20317025950342,0.20317025950342,NA,NA,0.20317025950342,NA,0.20317025950342,0.20317025950342,NA,NA,NA,NA,0.20317025950342,NA,0.20317025950342
20160700_S23_14,NA,NA,NA,NA,NA,NA,NA,NA,-0.176913575020579,NA,NA,-0.176913575020579,NA,NA,NA,NA,-0.176913575020579,NA,NA,-0.176913575020579,NA
20110800_S1S_1,NA,NA,NA,0.0166556963685224,NA,NA,NA,NA,NA,NA,NA,NA,NA,NA,NA,NA,NA,NA,NA,NA,NA
3300037353_11,NA,NA,NA,NA,NA,0.369018163167508,NA,0.369018163167507,0.369018163167507,NA,0.369018163167507,0.369018163167508,NA,0.369018163167507,NA,0.369018163167507,NA,NA,0.369018163167508,NA,0.369018163167508
20120600_S2M_9,NA,NA,NA,0.205102241840018,NA,NA,NA,NA,NA,NA,NA,NA,NA,NA,NA,NA,NA,NA,NA,NA,NA
20110700_P2D_26,-0.322086631499469,-0.322086631499469,-0.322086631499469,NA,NA,-0.322086631499469,NA,NA,-0.322086631499469,NA,NA,-0.322086631499469,NA,NA,-0.322086631499469,-0.322086631499469,-0.322086631499469,NA,NA,-0.322086631499469,NA
PKYA01,NA,-0.674895654955973,NA,-0.674895654955973,-0.674895654955973,-0.674895654955973,NA,-0.674895654955973,NA,NA,-0.674895654955973,-0.674895654955973,NA,-0.674895654955973,NA,-0.674895654955973,-0.674895654955973,NA,-0.674895654955973,NA,-0.674895654955973
PMLV01,NA,NA,NA,NA,NA,NA,NA,NA,-0.721502483458144,NA,NA,-0.721502483458144,NA,NA,NA,-0.721502483458144,-0.721502483458144,NA,NA,-0.721502483458144,NA
20170700_S34_32,-0.5561470185074,-0.5561470185074,-0.5561470185074,-0.5561470185074,-0.5561470185074,-0.5561470185074,-0.5561470185074,-0.5561470185074,-0.5561470185074,-0.5561470185074,-0.5561470185074,-0.5561470185074,-0.5561470185074,-0.5561470185074,-0.5561470185074,-0.5561470185074,NA,-0.5561470185074,-0.5561470185074,-0.5561470185074,-0.5561470185074
20110700_P2D_37,NA,NA,NA,NA,NA,-0.650880729760368,NA,NA,-0.650880729760368,NA,NA,-0.650880729760368,NA,NA,NA,-0.650880729760368,-0.650880729760368,NA,NA,-0.650880729760368,NA
20110700_P2M_8,NA,-0.570249360510039,NA,NA,NA,-0.570249360510039,NA,-0.570249360510039,NA,NA,NA,-0.570249360510039,NA,-0.570249360510039,NA,-0.570249360510039,NA,NA,-0.570249360510039,-0.570249360510039,-0.570249360510039
20110600_P1M_24,NA,NA,NA,NA,NA,-0.0157023093658916,NA,NA,NA,NA,NA,NA,NA,NA,NA,NA,NA,NA,NA,NA,NA
20120600_S3D_1,NA,NA,NA,-0.0308442575354295,NA,NA,NA,NA,NA,NA,NA,NA,NA,NA,NA,NA,NA,NA,NA,NA,NA
PLWZ01,NA,-0.265956453504737,NA,NA,NA,NA,NA,NA,-0.265956453504737,NA,NA,-0.265956453504737,NA,NA,NA,-0.265956453504737,-0.265956453504737,NA,-0.265956453504737,-0.265956453504737,-0.265956453504737
20110600_P1M_4,NA,-0.173395825098812,NA,-0.173395825098811,-0.173395825098811,-0.173395825098811,NA,-0.173395825098812,NA,NA,-0.173395825098811,NA,NA,-0.173395825098811,NA,-0.173395825098811,NA,NA,-0.173395825098812,NA,-0.173395825098811
20111000_P2M_3,NA,NA,NA,NA,NA,NA,NA,NA,NA,NA,NA,-0.191740920576106,NA,NA,NA,NA,NA,NA,NA,-0.191740920576106,NA
20120500_P23_5,NA,0.305193331394821,NA,0.305193331394821,0.305193331394821,0.305193331394821,NA,0.305193331394821,NA,NA,0.305193331394821,NA,0.305193331394821,0.305193331394821,NA,NA,NA,0.305193331394821,0.305193331394821,NA,0.305193331394821
PMON01,NA,NA,NA,NA,NA,NA,NA,NA,NA,NA,NA,NA,NA,NA,NA,-0.206410995177345,NA,NA,NA,NA,NA
20130700_S2S_8,NA,NA,NA,0.32719008543268,NA,NA,NA,NA,NA,NA,NA,NA,NA,NA,NA,NA,NA,NA,NA,NA,NA
20120700_S1S_3,NA,NA,NA,0.0250355509407051,NA,NA,NA,NA,NA,NA,NA,NA,NA,NA,NA,NA,NA,NA,NA,NA,NA
20110800_S1S_6,NA,NA,NA,0.0423113461446974,NA,NA,NA,NA,NA,NA,NA,NA,NA,NA,NA,NA,NA,NA,NA,NA,NA
20120700_S3X_22,NA,NA,NA,NA,NA,NA,NA,NA,0.0129085510243524,NA,NA,0.0129085510243525,NA,NA,NA,NA,NA,NA,NA,NA,NA
20150700_P13_8,NA,NA,NA,NA,0.153918486222926,NA,NA,NA,NA,NA,0.153918486222926,NA,NA,NA,NA,NA,NA,NA,NA,NA,NA
PKXJ01,NA,NA,NA,NA,NA,NA,NA,NA,-0.000203686492790119,NA,NA,NA,NA,NA,NA,NA,NA,NA,NA,NA,NA
20120500_P32_7,NA,0.169854914991837,NA,NA,NA,0.169854914991837,NA,NA,NA,NA,NA,NA,NA,NA,NA,0.169854914991837,NA,NA,NA,NA,NA
20120700_P3D_136,NA,NA,NA,NA,NA,NA,NA,NA,-0.00495277182334072,NA,NA,NA,NA,NA,NA,NA,-0.00495277182334081,NA,NA,NA,NA
20120700_S1D_96,NA,NA,NA,-0.0838923266715498,NA,NA,NA,NA,NA,NA,NA,NA,NA,NA,NA,NA,NA,NA,NA,NA,NA
20120700_P3D_9,NA,NA,NA,NA,NA,NA,NA,NA,0.0436448345875198,NA,NA,0.0436448345875196,NA,NA,NA,NA,0.0436448345875198,NA,NA,0.0436448345875196,NA
PMTF01,NA,NA,NA,NA,NA,0.16142944281038,NA,NA,0.16142944281038,NA,NA,0.16142944281038,NA,NA,NA,0.16142944281038,0.16142944281038,NA,NA,0.16142944281038,NA
20110800_P1D_22,NA,NA,NA,NA,NA,0.120343662225199,NA,NA,0.120343662225198,NA,NA,0.120343662225198,NA,NA,NA,0.120343662225199,0.120343662225198,NA,NA,0.120343662225199,NA
20120500_P17_2,NA,NA,NA,NA,NA,NA,NA,NA,0.0194386151694137,NA,NA,0.0194386151694135,NA,NA,NA,NA,0.0194386151694135,NA,NA,0.0194386151694135,NA
20140700_S31_6,NA,NA,NA,-0.0321176167494145,NA,NA,NA,NA,NA,NA,NA,NA,NA,NA,NA,NA,NA,NA,NA,NA,NA
20120600_S3D_7,NA,NA,NA,-0.0127630746790593,NA,NA,NA,NA,NA,NA,NA,NA,NA,NA,NA,NA,NA,NA,-0.0127630746790593,NA,NA
20140700_S15_2,NA,NA,NA,NA,NA,NA,NA,NA,-0.0883318727972019,NA,NA,NA,NA,NA,NA,NA,NA,NA,NA,NA,NA
20150700_P14_12,NA,NA,NA,0.26632956456416,0.266329564564161,NA,NA,0.266329564564161,NA,0.26632956456416,0.266329564564161,NA,0.26632956456416,NA,NA,NA,NA,0.26632956456416,0.266329564564161,NA,0.26632956456416
20130700_S3Z_17,NA,NA,NA,NA,NA,NA,NA,NA,-0.145110885734116,NA,NA,NA,NA,NA,NA,NA,NA,NA,NA,NA,NA
20111000_P2D_13,NA,NA,NA,NA,NA,-0.014598855157512,NA,NA,-0.014598855157512,NA,NA,-0.0145988551575119,NA,NA,NA,NA,-0.014598855157512,NA,NA,-0.0145988551575119,NA
3300037159_8,NA,NA,NA,NA,NA,0.034861102775805,NA,NA,0.0348611027758048,NA,NA,0.0348611027758049,NA,NA,NA,0.0348611027758048,0.0348611027758049,NA,NA,0.0348611027758048,NA
20120700_P3D_25,NA,NA,NA,NA,NA,NA,NA,NA,-0.05859677357103,NA,NA,NA,NA,NA,NA,NA,-0.0585967735710302,NA,NA,NA,NA
20140700_S11_5,NA,NA,NA,0.128021315319945,NA,NA,NA,NA,NA,NA,NA,NA,NA,NA,NA,NA,NA,NA,0.128021315319945,NA,NA
20170700_E11_3,NA,NA,NA,0.0885160421627389,NA,NA,NA,NA,NA,NA,NA,NA,NA,NA,NA,NA,NA,NA,NA,NA,NA
20120600_S1S_4,NA,NA,NA,0.146173928339734,NA,NA,NA,NA,NA,NA,NA,NA,NA,NA,NA,NA,NA,NA,0.146173928339734,NA,NA
20120600_S2D_17,NA,NA,NA,NA,NA,NA,NA,NA,0.20311207062409,NA,NA,NA,NA,NA,NA,NA,NA,NA,0.20311207062409,NA,NA
20110700_P2D_30,NA,NA,NA,NA,NA,NA,NA,NA,0.273176786682362,NA,NA,0.273176786682362,NA,NA,NA,0.273176786682362,0.273176786682362,NA,NA,0.273176786682362,NA
20120500_P32_4,NA,NA,NA,NA,NA,0.40713094089195,NA,NA,NA,NA,NA,NA,NA,0.407130940891951,NA,0.407130940891951,NA,NA,NA,NA,NA
20110600_P1M_22,NA,NA,NA,NA,NA,NA,NA,NA,NA,NA,NA,NA,NA,NA,NA,0.47638808230328,NA,NA,NA,NA,NA
20110600_P1M_20,NA,0.42705367147647,NA,NA,NA,0.42705367147647,NA,NA,NA,NA,NA,NA,NA,NA,NA,0.42705367147647,NA,NA,NA,NA,NA
20140700_S11_7,NA,NA,NA,-0.0853646908160322,NA,NA,NA,NA,NA,NA,NA,NA,NA,NA,NA,NA,NA,NA,NA,NA,NA
20110700_P2S_6,NA,NA,-0.136704095786253,-0.136704095786253,-0.136704095786253,NA,-0.136704095786253,NA,NA,-0.136704095786252,NA,NA,-0.136704095786253,NA,NA,NA,NA,NA,NA,NA,NA
20150700_P21_5,-0.0717475944063525,-0.0717475944063525,-0.0717475944063525,NA,NA,NA,-0.0717475944063525,NA,NA,-0.0717475944063524,NA,NA,-0.0717475944063527,NA,-0.0717475944063523,NA,NA,NA,NA,NA,NA
20120500_P13_9,NA,NA,NA,NA,NA,NA,NA,NA,-0.0526961950089851,NA,NA,-0.0526961950089852,NA,NA,NA,NA,-0.0526961950089854,NA,NA,NA,NA
20120800_P1D_3,NA,NA,NA,NA,NA,NA,NA,NA,NA,NA,NA,NA,NA,NA,NA,NA,-0.242075777100654,NA,NA,NA,NA
20120600_P3M_1,-0.777848189755914,-0.777848189755914,NA,NA,NA,NA,NA,NA,NA,NA,NA,NA,NA,NA,NA,-0.777848189755914,NA,NA,NA,NA,NA
20110700_P3D_13,NA,NA,-0.81362161350358,NA,NA,-0.81362161350358,NA,NA,NA,NA,NA,-0.81362161350358,NA,NA,NA,NA,-0.813621613503579,NA,NA,-0.81362161350358,NA
20160700_P15_8,NA,-0.761108344919319,-0.761108344919319,-0.761108344919319,NA,-0.761108344919319,-0.761108344919319,NA,NA,-0.76110834491932,NA,NA,-0.761108344919319,-0.761108344919319,NA,-0.76110834491932,NA,-0.761108344919319,-0.761108344919319,NA,NA
20110800_P3M_18,NA,-0.716082028115016,-0.716082028115016,-0.716082028115016,NA,-0.716082028115016,NA,-0.716082028115016,NA,NA,-0.716082028115016,NA,-0.716082028115016,-0.716082028115016,NA,-0.716082028115016,NA,-0.716082028115016,-0.716082028115016,NA,-0.716082028115016
20120500_P31_6,NA,-0.58472023460064,-0.58472023460064,-0.584720234600639,-0.58472023460064,-0.584720234600639,-0.58472023460064,-0.584720234600639,NA,-0.58472023460064,-0.584720234600639,NA,-0.58472023460064,-0.58472023460064,NA,-0.58472023460064,NA,-0.58472023460064,-0.58472023460064,NA,-0.58472023460064
20110700_P2M_2,NA,-0.668233639282628,NA,NA,NA,-0.668233639282628,NA,NA,NA,NA,NA,NA,NA,-0.668233639282628,NA,-0.668233639282628,NA,NA,NA,NA,-0.668233639282628
20120700_P3S_3,NA,NA,NA,NA,NA,NA,NA,NA,NA,NA,NA,NA,-0.373768146239978,NA,NA,NA,NA,NA,NA,NA,NA
20170700_P24_4,NA,NA,NA,NA,NA,NA,NA,NA,NA,NA,NA,NA,NA,NA,NA,NA,-0.0271492352104234,NA,NA,NA,NA
20120600_S2M_11,NA,NA,NA,0.0255764795485476,NA,NA,NA,NA,NA,NA,NA,NA,NA,NA,NA,NA,NA,NA,NA,NA,NA
PLTN01,NA,NA,NA,NA,NA,NA,NA,NA,-0.40164849311168,NA,NA,NA,NA,NA,NA,NA,NA,NA,NA,NA,NA
20150700_P15_1,NA,-0.313454139306087,NA,NA,NA,NA,NA,-0.313454139306087,NA,NA,-0.313454139306087,NA,NA,-0.313454139306087,NA,NA,NA,NA,-0.313454139306087,NA,-0.313454139306087
20120700_S1D_69,NA,NA,NA,NA,NA,NA,NA,NA,-0.343010956158609,NA,NA,-0.343010956158609,NA,NA,NA,NA,-0.343010956158609,NA,NA,-0.343010956158609,NA
20140700_S21_17,NA,NA,NA,-0.392765639423946,NA,NA,NA,NA,NA,NA,NA,NA,NA,NA,NA,NA,NA,NA,-0.392765639423946,NA,NA
20150700_P11_6,NA,NA,-0.3395878840916,NA,NA,NA,NA,NA,NA,-0.3395878840916,NA,NA,NA,NA,NA,NA,NA,-0.3395878840916,NA,NA,NA
20110600_P1M_7,NA,NA,NA,NA,NA,-0.566464856737112,NA,NA,NA,NA,NA,NA,NA,-0.566464856737112,NA,-0.566464856737112,-0.566464856737112,NA,NA,NA,-0.566464856737112
20150700_P21_8,-0.19201276735615,-0.19201276735615,-0.19201276735615,-0.19201276735615,-0.19201276735615,-0.19201276735615,-0.19201276735615,-0.19201276735615,NA,-0.19201276735615,-0.19201276735615,NA,-0.19201276735615,-0.19201276735615,-0.19201276735615,NA,NA,-0.19201276735615,NA,NA,-0.19201276735615
20110600_P1M_10,NA,NA,NA,NA,NA,-0.41121652646578,NA,NA,NA,NA,NA,NA,NA,NA,NA,NA,-0.41121652646578,NA,NA,NA,NA
20120600_P3M_3,0.370264254913457,NA,0.370264254913457,0.370264254913457,NA,NA,0.370264254913457,NA,NA,0.370264254913457,0.370264254913457,NA,0.370264254913457,NA,0.370264254913457,NA,NA,0.370264254913457,NA,NA,NA
20120700_S1S_1,NA,NA,NA,0.148417249171461,NA,NA,NA,NA,NA,NA,NA,NA,NA,NA,NA,NA,NA,NA,NA,NA,NA
20110800_S3S_12,NA,NA,NA,0.110899983562362,NA,NA,NA,NA,NA,NA,NA,NA,NA,NA,NA,NA,NA,NA,NA,NA,NA
20110600_P1M_13,NA,NA,NA,NA,NA,0.310157356182507,NA,NA,NA,NA,NA,NA,NA,NA,NA,NA,NA,NA,NA,NA,NA
20120600_P2S_3,0.503591333969509,NA,0.503591333969509,0.503591333969509,NA,NA,0.503591333969509,NA,NA,0.503591333969509,NA,NA,0.503591333969509,NA,0.50359133396951,NA,NA,0.503591333969509,NA,NA,NA
20120600_P1M_1,0.535750008068316,NA,0.535750008068316,0.535750008068316,NA,NA,0.535750008068316,NA,NA,0.535750008068316,NA,NA,0.535750008068317,NA,0.535750008068316,NA,NA,0.535750008068316,NA,NA,NA
20120600_P2M_10,NA,NA,0.186283715100454,0.186283715100454,NA,NA,0.186283715100454,NA,NA,0.186283715100454,NA,NA,0.186283715100454,NA,NA,NA,NA,NA,NA,NA,NA
20120600_P2S_4,0.583099975467807,NA,0.583099975467807,0.583099975467807,NA,NA,0.583099975467807,NA,NA,0.583099975467807,NA,NA,0.583099975467807,NA,0.583099975467807,NA,NA,0.583099975467807,NA,NA,NA
20110800_S3S_4,NA,NA,NA,3.44783724497852,NA,NA,NA,NA,NA,NA,NA,NA,NA,NA,NA,NA,NA,NA,NA,NA,NA
3300037231_17,NA,NA,NA,NA,NA,NA,NA,NA,NA,NA,NA,3.71674049190618,NA,NA,NA,NA,NA,NA,NA,NA,NA
PLYM01,NA,NA,NA,NA,NA,NA,NA,NA,3.82645985901424,NA,NA,NA,NA,NA,NA,NA,NA,NA,NA,NA,NA
PLDW01,NA,NA,NA,NA,NA,NA,NA,NA,NA,NA,NA,NA,NA,NA,4.74169185402489,NA,NA,NA,NA,NA,NA
20130700_P1Y_5,NA,NA,NA,NA,NA,NA,NA,3.78075307603844,3.78075307603844,NA,NA,3.78075307603844,NA,3.78075307603844,NA,NA,3.78075307603844,NA,NA,3.78075307603844,NA
20120700_P2D_5,NA,NA,NA,NA,NA,NA,NA,NA,3.27584427140001,NA,NA,3.27584427140001,NA,NA,NA,NA,3.27584427140001,NA,NA,3.27584427140001,NA
20120500_P31_8,NA,NA,NA,3.0326416521646,NA,NA,NA,NA,NA,NA,3.0326416521646,NA,NA,NA,NA,NA,NA,NA,NA,NA,NA
20150700_P15_9,NA,0.928981780068625,0.928981780068625,0.928981780068625,0.928981780068625,0.928981780068625,0.928981780068625,0.928981780068625,NA,0.928981780068626,0.928981780068625,NA,0.928981780068625,0.928981780068625,NA,0.928981780068626,NA,0.928981780068625,0.928981780068625,NA,0.928981780068625
3300037180_6,NA,0.210320933881896,NA,NA,NA,0.210320933881895,NA,0.210320933881896,NA,NA,NA,0.210320933881896,NA,0.210320933881896,NA,0.210320933881896,0.210320933881896,NA,0.210320933881896,0.210320933881896,0.210320933881896
PLXS01,NA,NA,NA,NA,NA,NA,NA,NA,0.0187333232417618,NA,NA,0.0187333232417618,NA,NA,NA,NA,NA,NA,NA,0.0187333232417617,NA
20110800_P3S_5,-0.113135184709109,-0.113135184709109,NA,-0.113135184709109,-0.113135184709109,NA,-0.113135184709109,NA,NA,-0.113135184709109,-0.113135184709109,NA,-0.11313518470911,-0.113135184709109,NA,NA,NA,-0.113135184709109,-0.113135184709109,NA,-0.113135184709109
20110600_P3S_14,-0.227386848223864,NA,-0.227386848223864,NA,NA,NA,-0.227386848223864,NA,NA,NA,NA,NA,NA,NA,-0.227386848223864,NA,NA,-0.227386848223864,NA,NA,NA
3300038478_6,NA,NA,-0.281048063680396,-0.281048063680396,NA,NA,-0.281048063680396,NA,NA,-0.281048063680396,NA,NA,-0.281048063680396,NA,NA,NA,NA,-0.281048063680396,NA,NA,NA
20150700_P13_2,NA,NA,NA,NA,-0.36649588566615,NA,NA,NA,NA,NA,NA,NA,-0.36649588566615,NA,NA,NA,NA,NA,NA,NA,NA
20150700_P15_12,NA,-0.195144989302412,NA,NA,-0.195144989302412,-0.195144989302412,NA,-0.195144989302412,NA,NA,-0.195144989302412,NA,NA,-0.195144989302412,NA,-0.195144989302412,NA,NA,-0.195144989302412,NA,-0.195144989302412
20120700_S2X_13,NA,NA,NA,NA,NA,NA,NA,NA,0.0395413095468397,NA,NA,0.0395413095468398,NA,NA,NA,NA,0.0395413095468399,NA,NA,0.0395413095468398,NA
20160700_S11_6,NA,NA,NA,-0.0823513928032385,NA,NA,NA,NA,NA,NA,NA,NA,NA,NA,NA,NA,NA,NA,NA,NA,NA
3300037228_7,NA,0.09830241498509,NA,0.0983024149850897,0.09830241498509,NA,0.09830241498509,0.0983024149850899,NA,NA,0.0983024149850899,NA,0.0983024149850899,NA,NA,NA,NA,NA,0.0983024149850899,NA,NA
20120800_E1D_7,NA,NA,NA,NA,NA,NA,NA,NA,0.245800800513677,NA,NA,NA,NA,NA,NA,NA,NA,NA,NA,NA,NA
20140700_S21_13,NA,NA,NA,0.230518791472518,NA,NA,NA,NA,NA,NA,NA,NA,NA,NA,NA,NA,NA,NA,NA,NA,NA
20160700_E23_6,NA,NA,NA,0.114325829436999,NA,NA,NA,NA,NA,NA,NA,NA,NA,NA,NA,NA,NA,NA,NA,NA,NA
3300037241_7,NA,NA,NA,NA,0.154145514076457,NA,NA,0.154145514076458,NA,NA,0.154145514076457,0.154145514076457,NA,0.154145514076457,NA,NA,NA,NA,0.154145514076457,NA,0.154145514076457
20120700_P3D_3,NA,NA,NA,NA,NA,NA,NA,NA,-0.114467043020098,NA,NA,NA,NA,NA,NA,NA,-0.114467043020098,NA,NA,NA,NA
20140700_S22_7,NA,NA,NA,-0.104034825421192,NA,NA,NA,NA,NA,NA,NA,NA,NA,NA,NA,NA,NA,NA,NA,NA,NA
20130700_P1Y_10,NA,NA,NA,NA,NA,1.55207064856524,NA,NA,1.55207064856524,NA,NA,1.55207064856524,NA,NA,NA,1.55207064856524,1.55207064856524,NA,NA,1.55207064856524,NA
20150700_P15_16,NA,2.09382985623218,NA,NA,2.09382985623218,NA,NA,2.09382985623218,NA,NA,2.09382985623218,NA,NA,NA,NA,NA,NA,NA,2.09382985623218,NA,2.09382985623218
20110700_P2D_2,NA,NA,NA,NA,NA,NA,NA,NA,NA,NA,NA,NA,NA,NA,NA,2.02843640358538,2.02843640358538,NA,NA,NA,NA
PMSV01,NA,NA,4.33131990856951,4.33131990856951,NA,NA,4.33131990856951,NA,NA,NA,NA,NA,4.33131990856951,NA,NA,NA,NA,NA,NA,NA,NA
3300037233_9,NA,NA,NA,NA,NA,NA,NA,NA,NA,NA,NA,3.64008134655642,NA,NA,NA,NA,NA,NA,NA,3.64008134655642,NA
20111000_P1M_10,NA,NA,NA,NA,NA,NA,NA,NA,NA,NA,NA,NA,NA,NA,NA,3.75893551400633,3.75893551400633,NA,NA,NA,NA
3300037237_7,NA,NA,NA,NA,NA,NA,NA,NA,NA,NA,NA,NA,NA,NA,NA,NA,4.28016417037786,NA,NA,NA,NA
20120800_P2D_5,NA,NA,NA,NA,NA,NA,NA,NA,4.15677998058948,NA,NA,4.15677998058948,NA,NA,NA,NA,4.15677998058949,NA,NA,4.15677998058949,NA
3300037159_6,NA,3.14002440474886,NA,NA,NA,NA,NA,NA,NA,NA,NA,NA,NA,3.14002440474886,NA,3.14002440474886,NA,NA,NA,NA,3.14002440474886
20150700_P15_13,NA,0.972131694487032,NA,0.972131694487032,0.972131694487032,0.972131694487032,NA,0.972131694487032,NA,NA,0.972131694487033,NA,NA,0.972131694487032,NA,NA,NA,NA,0.972131694487032,NA,0.972131694487033
20110800_P3S_9,NA,NA,0.35385923618379,NA,NA,NA,0.353859236183789,NA,NA,0.35385923618379,NA,NA,0.35385923618379,NA,NA,NA,NA,0.353859236183789,NA,NA,NA
20160700_P15_10,NA,0.496409512894563,NA,NA,NA,0.496409512894562,NA,0.496409512894562,NA,NA,NA,0.496409512894563,NA,NA,NA,0.496409512894563,0.496409512894562,NA,0.496409512894562,0.496409512894563,0.496409512894563
20150700_P14_6,NA,0.357179736429641,NA,NA,0.357179736429641,0.357179736429641,NA,0.357179736429641,NA,NA,NA,NA,NA,NA,NA,NA,NA,NA,0.357179736429641,NA,0.357179736429641
20120700_P3D_83,NA,NA,NA,0.433648947375081,NA,0.433648947375081,NA,0.433648947375081,0.433648947375081,NA,NA,0.433648947375081,NA,NA,NA,0.433648947375081,0.433648947375081,NA,0.433648947375081,0.43364894737508,NA
20110600_P1M_21,NA,NA,NA,NA,NA,2.50548177835153,NA,NA,NA,NA,NA,NA,NA,NA,NA,NA,NA,NA,NA,NA,NA
20111000_P2D_3,NA,NA,NA,NA,NA,NA,NA,NA,2.59602074297982,NA,NA,2.59602074297982,NA,NA,NA,NA,NA,NA,NA,2.59602074297982,NA
3300037138_9,NA,NA,NA,NA,NA,NA,NA,NA,NA,NA,NA,2.73458134261664,NA,NA,NA,NA,NA,NA,2.73458134261664,NA,2.73458134261664
20120700_P3D_79,NA,NA,NA,NA,NA,NA,NA,NA,NA,NA,NA,NA,NA,NA,NA,NA,2.32926677120596,NA,NA,NA,NA
20120700_P3D_139,NA,NA,NA,NA,NA,NA,NA,NA,2.45593624029687,NA,NA,NA,NA,NA,NA,NA,2.45593624029687,NA,NA,NA,NA
3300037262_8,NA,NA,2.34841437808302,NA,NA,NA,NA,NA,NA,NA,NA,NA,NA,NA,NA,NA,NA,NA,NA,NA,NA
3300031525_28,NA,NA,NA,NA,NA,NA,NA,2.27652722720454,NA,2.27652722720454,NA,NA,2.27652722720454,NA,2.27652722720454,NA,NA,2.27652722720454,NA,NA,NA
20150700_P24_8,NA,NA,NA,NA,NA,NA,NA,NA,-0.13024682801011,NA,NA,-0.13024682801011,NA,NA,NA,NA,-0.13024682801011,NA,NA,-0.13024682801011,NA
20111000_P2M_2,NA,NA,NA,NA,NA,NA,NA,NA,NA,NA,NA,-0.242736034699664,NA,NA,NA,NA,NA,NA,NA,NA,NA
20140700_S31_11,-0.200215918239776,NA,NA,NA,NA,NA,-0.200215918239776,NA,NA,NA,NA,NA,NA,NA,NA,NA,NA,NA,NA,NA,NA
20111000_S3M_6,NA,NA,NA,-0.140865482686808,NA,NA,NA,NA,NA,NA,NA,NA,NA,NA,NA,NA,NA,NA,NA,NA,NA
20160700_S14_9,NA,NA,NA,NA,NA,NA,NA,NA,-0.155022894505992,NA,NA,NA,NA,NA,NA,NA,-0.155022894505992,NA,NA,-0.155022894505992,NA
20120700_P3D_143,NA,NA,NA,NA,NA,NA,NA,NA,-0.228780736232154,NA,NA,NA,NA,NA,NA,NA,-0.228780736232154,NA,NA,-0.228780736232154,NA
20120700_S1D_45,NA,NA,NA,NA,NA,NA,NA,NA,-0.242686926945051,NA,NA,NA,NA,NA,NA,NA,NA,NA,NA,NA,NA
20110700_P3S_8,0.24482022002758,0.24482022002758,0.24482022002758,0.24482022002758,0.24482022002758,0.24482022002758,0.244820220027581,NA,NA,NA,NA,NA,0.244820220027581,NA,0.24482022002758,0.24482022002758,NA,0.244820220027581,0.24482022002758,NA,NA
20170700_P23_1,NA,NA,NA,NA,NA,-0.399142390964027,NA,NA,NA,NA,NA,NA,NA,NA,NA,NA,NA,NA,NA,NA,NA
20160700_P15_9,NA,NA,NA,NA,NA,-0.0382915231957294,NA,NA,-0.0382915231957293,NA,NA,-0.0382915231957291,NA,NA,NA,-0.0382915231957293,-0.0382915231957293,NA,NA,-0.0382915231957292,NA
20150700_P21_10,NA,NA,-0.301708295362597,-0.301708295362597,-0.301708295362597,NA,-0.301708295362597,NA,NA,-0.301708295362597,-0.301708295362597,NA,-0.301708295362597,NA,NA,NA,NA,-0.301708295362597,NA,NA,NA
20111000_P1M_7,NA,-0.519289859230628,NA,NA,NA,-0.519289859230628,NA,NA,NA,NA,NA,NA,NA,NA,NA,-0.519289859230628,NA,NA,NA,NA,-0.519289859230628
20120600_P3D_3,NA,NA,NA,NA,NA,-0.35748782010618,NA,-0.35748782010618,NA,NA,-0.35748782010618,NA,-0.35748782010618,-0.35748782010618,NA,NA,NA,NA,-0.35748782010618,NA,-0.35748782010618
20150700_P21_2,NA,NA,-0.525643114644059,-0.525643114644059,-0.525643114644059,NA,-0.525643114644059,NA,NA,-0.525643114644059,-0.525643114644059,NA,-0.525643114644059,NA,NA,NA,NA,NA,NA,NA,NA
20111000_P1M_5,NA,-0.734841281232513,NA,NA,NA,-0.734841281232513,NA,NA,-0.734841281232512,NA,NA,-0.734841281232513,NA,NA,NA,-0.734841281232513,-0.734841281232513,NA,NA,-0.734841281232513,NA
20120600_P3M_5,-0.683191543214114,-0.683191543214114,-0.683191543214114,-0.683191543214113,-0.683191543214114,NA,-0.683191543214114,-0.683191543214113,NA,-0.683191543214114,-0.683191543214113,NA,-0.683191543214114,-0.683191543214114,-0.683191543214114,-0.683191543214114,NA,-0.683191543214113,-0.683191543214114,NA,-0.683191543214114
20120700_P2D_8,NA,NA,NA,NA,NA,NA,NA,NA,-0.730751447792667,NA,NA,-0.730751447792667,NA,NA,NA,-0.730751447792667,-0.730751447792667,NA,NA,-0.730751447792667,NA
20170700_P34_1,NA,NA,NA,NA,NA,NA,NA,NA,NA,NA,NA,NA,NA,NA,NA,-0.791432899503829,-0.791432899503829,NA,NA,NA,NA
20110800_P3M_11,NA,-0.792469728796907,NA,-0.792469728796907,-0.792469728796907,-0.792469728796907,NA,-0.792469728796907,NA,-0.792469728796907,-0.792469728796907,NA,-0.792469728796907,-0.792469728796907,NA,-0.792469728796907,NA,-0.792469728796907,-0.792469728796907,NA,-0.792469728796907
20120500_P32_2,-0.816623744165477,-0.816623744165477,NA,NA,NA,-0.816623744165477,NA,NA,NA,NA,NA,NA,NA,-0.816623744165477,-0.816623744165477,-0.816623744165477,NA,NA,NA,NA,NA
20120600_P3M_10,-0.630426120632761,-0.630426120632761,-0.630426120632761,-0.630426120632761,-0.630426120632761,NA,-0.630426120632761,-0.630426120632761,NA,-0.630426120632761,-0.630426120632761,NA,-0.630426120632761,NA,-0.630426120632761,NA,NA,-0.630426120632762,NA,NA,NA
20120500_P31_3,-0.368637088332981,-0.368637088332981,-0.368637088332981,-0.368637088332981,-0.368637088332981,NA,-0.368637088332981,-0.368637088332981,NA,-0.368637088332981,-0.368637088332981,NA,-0.368637088332981,NA,-0.368637088332981,NA,NA,-0.368637088332981,-0.368637088332981,NA,NA
20150700_S23_2,NA,NA,NA,-0.599736037734553,NA,NA,NA,NA,NA,NA,NA,NA,NA,NA,NA,NA,NA,NA,NA,NA,NA
20110600_P1M_8,NA,NA,NA,NA,NA,-0.640074120399421,NA,NA,NA,NA,NA,NA,NA,NA,NA,NA,NA,NA,NA,NA,NA
20150700_P21_1,-0.388076499773322,-0.388076499773322,-0.388076499773322,-0.388076499773322,-0.388076499773322,-0.388076499773322,-0.388076499773321,-0.388076499773322,NA,-0.388076499773322,-0.388076499773322,NA,-0.388076499773322,-0.388076499773322,-0.388076499773322,-0.388076499773322,NA,-0.388076499773322,-0.388076499773322,NA,-0.388076499773322
20160700_S33_6,NA,NA,NA,-0.525896945195369,NA,NA,NA,NA,NA,NA,NA,NA,NA,NA,NA,NA,NA,NA,NA,NA,NA
20160700_P15_17,NA,NA,NA,NA,NA,-0.506656762771702,NA,NA,-0.506656762771702,NA,NA,-0.506656762771702,NA,-0.506656762771702,NA,-0.506656762771702,-0.506656762771702,NA,NA,-0.506656762771702,-0.506656762771702
20140700_S33_15,NA,NA,NA,-0.0534669278716156,NA,NA,NA,NA,NA,NA,NA,NA,NA,NA,NA,NA,NA,NA,NA,NA,NA
20130700_P1Y_8,NA,NA,NA,NA,NA,NA,NA,NA,1.1918532687487,NA,NA,1.1918532687487,NA,NA,NA,NA,1.1918532687487,NA,NA,1.1918532687487,NA
PLXO01,NA,NA,NA,NA,NA,NA,NA,NA,1.28949426315022,NA,NA,1.28949426315022,NA,NA,NA,NA,1.28949426315022,NA,NA,1.28949426315022,NA
20170700_S33_24,NA,NA,NA,1.06873729104008,NA,NA,NA,NA,NA,NA,NA,NA,NA,NA,NA,NA,NA,NA,NA,NA,NA
3300037243_8,1.36963695562037,NA,NA,NA,NA,NA,NA,NA,NA,NA,NA,NA,NA,NA,NA,NA,NA,NA,NA,NA,NA
20120700_P3D_74,NA,0.111183506262015,NA,NA,NA,0.111183506262016,NA,0.111183506262015,0.111183506262015,NA,NA,NA,NA,0.111183506262016,NA,0.111183506262015,0.111183506262015,NA,0.111183506262016,0.111183506262016,0.111183506262016
20110700_P3M_3,NA,-0.0674930493835039,NA,-0.067493049383504,-0.0674930493835038,NA,NA,-0.0674930493835038,NA,NA,-0.067493049383504,NA,NA,NA,NA,-0.0674930493835041,NA,NA,-0.0674930493835038,NA,NA
20160700_P15_15,NA,0.166222358209562,NA,NA,0.166222358209562,0.166222358209562,NA,0.166222358209562,0.166222358209562,NA,0.166222358209562,0.166222358209562,NA,0.166222358209562,NA,0.166222358209562,0.166222358209562,NA,0.166222358209562,0.166222358209562,0.166222358209562
20110700_P3S_3,0.307617064097843,0.307617064097843,0.307617064097843,0.307617064097843,0.307617064097843,NA,0.307617064097843,NA,NA,0.307617064097843,NA,NA,0.307617064097842,NA,0.307617064097843,NA,NA,0.307617064097843,NA,NA,NA
PLXI01,NA,NA,NA,NA,NA,NA,NA,NA,1.80052413958492,NA,NA,NA,NA,NA,NA,NA,NA,NA,NA,NA,NA
20110800_P2D_9,NA,NA,NA,NA,NA,0.357138285318218,NA,NA,0.357138285318219,NA,NA,0.357138285318218,NA,NA,NA,0.357138285318218,0.357138285318218,NA,NA,0.357138285318218,NA
20110600_P1D_1,NA,-0.238044158823544,NA,NA,-0.238044158823544,-0.238044158823544,NA,-0.238044158823544,NA,NA,-0.238044158823544,NA,NA,NA,NA,-0.238044158823544,NA,NA,-0.238044158823544,NA,-0.238044158823544
20150700_P23_7,NA,-0.207487020885652,NA,NA,-0.207487020885652,-0.207487020885652,NA,-0.207487020885652,NA,NA,-0.207487020885652,NA,NA,-0.207487020885652,NA,-0.207487020885652,NA,NA,-0.207487020885652,NA,-0.207487020885652
20140700_S21_6,NA,NA,NA,-0.341886870884927,NA,NA,NA,NA,NA,NA,NA,NA,NA,NA,NA,NA,NA,NA,NA,NA,NA
20120700_S1D_87,NA,NA,NA,-0.394171924725374,NA,NA,NA,NA,NA,NA,NA,NA,NA,NA,NA,NA,NA,NA,NA,NA,NA
20120700_P2M_1,NA,-0.0278651034066868,NA,-0.0278651034066868,-0.0278651034066869,-0.0278651034066868,-0.0278651034066869,-0.0278651034066867,NA,-0.0278651034066869,-0.027865103406687,NA,-0.027865103406687,-0.0278651034066867,NA,-0.0278651034066867,NA,-0.0278651034066868,-0.0278651034066869,NA,-0.0278651034066867
20120700_P3D_87,NA,-0.0958381776413355,NA,-0.0958381776413354,-0.0958381776413354,-0.0958381776413353,NA,-0.0958381776413355,-0.0958381776413353,NA,-0.0958381776413352,-0.0958381776413353,NA,-0.0958381776413353,NA,-0.0958381776413354,-0.0958381776413353,NA,-0.0958381776413352,-0.0958381776413354,-0.0958381776413353
20110800_P1M_9,NA,NA,NA,NA,NA,NA,NA,NA,NA,NA,NA,NA,NA,NA,NA,NA,0.124854225860526,NA,NA,NA,NA
20170700_P24_2,NA,NA,NA,NA,NA,NA,NA,NA,NA,NA,NA,NA,NA,NA,NA,0.149111086607802,NA,NA,NA,NA,NA
20120700_P2D_11,NA,NA,NA,NA,NA,NA,NA,NA,0.376111312833965,NA,NA,0.376111312833965,NA,NA,NA,0.376111312833965,0.376111312833965,NA,0.376111312833965,0.376111312833965,NA
20120700_S1D_27,NA,NA,NA,0.0514679004958302,NA,NA,NA,NA,NA,NA,NA,NA,NA,NA,NA,NA,NA,NA,NA,NA,NA
20120700_P3S_1,0.999082332256028,0.999082332256028,0.999082332256028,0.999082332256028,0.999082332256028,0.999082332256028,0.999082332256028,0.999082332256028,NA,0.999082332256029,0.999082332256028,NA,0.999082332256028,0.999082332256028,0.999082332256028,NA,NA,0.999082332256028,NA,NA,0.999082332256028
20140700_S12_15,NA,NA,NA,0.638934416937615,NA,NA,NA,NA,NA,NA,NA,NA,NA,NA,NA,NA,NA,NA,NA,NA,NA
20130700_S1X_7,NA,NA,NA,0.788630975985462,0.788630975985462,0.788630975985462,NA,0.788630975985462,NA,NA,0.788630975985462,NA,NA,0.788630975985462,NA,0.788630975985462,NA,NA,0.788630975985462,NA,0.788630975985462
20120700_P3D_58,NA,NA,NA,NA,NA,0.343559816152968,NA,NA,0.343559816152968,NA,NA,0.343559816152968,NA,NA,NA,NA,0.343559816152968,NA,NA,0.343559816152968,0.343559816152968
20120500_P32_8,NA,0.0916185754998094,NA,NA,NA,0.0916185754998095,NA,NA,NA,NA,NA,NA,NA,NA,NA,0.0916185754998095,0.0916185754998092,NA,NA,NA,NA
20110800_P1S_2,0.418570170136975,NA,0.418570170136975,0.418570170136975,0.418570170136975,NA,0.418570170136974,0.418570170136975,NA,0.418570170136974,NA,NA,0.418570170136975,0.418570170136974,0.418570170136974,NA,NA,0.418570170136975,NA,NA,0.418570170136974
PMOM01,NA,NA,NA,NA,NA,0.0267469204811167,NA,NA,NA,NA,NA,NA,NA,NA,NA,NA,0.0267469204811166,NA,NA,NA,NA
20110800_P2D_1,NA,NA,NA,NA,NA,NA,NA,NA,NA,NA,NA,NA,NA,NA,NA,NA,-0.0673802192711277,NA,NA,NA,NA
3300036901_8,NA,0.182791542104381,0.182791542104381,0.182791542104381,0.182791542104381,0.182791542104381,0.182791542104381,0.182791542104381,NA,0.182791542104381,0.182791542104381,NA,0.182791542104381,0.182791542104381,NA,0.182791542104381,NA,0.182791542104381,0.182791542104381,NA,0.182791542104381
3300037139_5,NA,NA,NA,-0.458051767714113,NA,-0.458051767714113,NA,-0.458051767714113,-0.458051767714113,NA,NA,-0.458051767714113,NA,NA,NA,NA,NA,NA,NA,-0.458051767714113,NA
20120700_P3D_75,NA,0.33861862558188,NA,NA,NA,NA,NA,NA,0.33861862558188,NA,NA,0.33861862558188,NA,NA,NA,0.33861862558188,0.33861862558188,NA,NA,0.33861862558188,NA
20120700_S1D_84,NA,NA,NA,0.327015392751666,NA,NA,NA,NA,NA,NA,NA,NA,NA,NA,NA,NA,NA,NA,NA,NA,NA
20120700_S1D_102,NA,NA,NA,NA,NA,NA,NA,NA,-0.257781973383576,NA,NA,NA,NA,NA,NA,NA,NA,NA,NA,NA,NA
20111000_P2M_7,NA,-0.114953208538127,NA,-0.114953208538127,-0.114953208538127,-0.114953208538127,-0.114953208538127,-0.114953208538127,NA,NA,-0.114953208538127,NA,-0.114953208538127,-0.114953208538127,NA,-0.114953208538127,NA,NA,-0.114953208538127,NA,-0.114953208538127
20110700_P2D_19,NA,NA,NA,NA,NA,NA,NA,NA,NA,NA,NA,NA,NA,NA,NA,-0.315424847785751,-0.315424847785751,NA,NA,NA,NA
20160700_S23_17,NA,NA,NA,-0.321018773440036,NA,NA,NA,-0.321018773440036,NA,NA,NA,NA,NA,-0.321018773440036,NA,-0.321018773440036,-0.321018773440036,NA,-0.321018773440036,NA,-0.321018773440036
20150700_P24_12,NA,-0.226848922884648,NA,NA,-0.226848922884648,-0.226848922884648,NA,-0.226848922884648,-0.226848922884648,NA,NA,-0.226848922884648,NA,NA,NA,-0.226848922884648,-0.226848922884648,NA,-0.226848922884648,-0.226848922884648,-0.226848922884648
20120700_S1D_19,NA,NA,NA,NA,NA,NA,NA,NA,-0.436540038394413,NA,NA,NA,NA,NA,NA,NA,NA,NA,NA,-0.436540038394413,NA
20120700_S1D_60,NA,NA,NA,NA,NA,NA,NA,NA,-0.378570812299124,NA,NA,-0.378570812299124,NA,NA,NA,NA,NA,NA,NA,-0.378570812299124,NA
20120700_S1D_55,NA,NA,NA,-0.106506802734367,NA,NA,NA,NA,NA,NA,NA,NA,NA,NA,NA,NA,NA,NA,NA,NA,NA
20110800_S3D_28,NA,NA,NA,NA,NA,NA,NA,NA,-0.158847928972214,NA,NA,NA,NA,NA,NA,NA,NA,NA,NA,-0.158847928972214,NA
20160700_P15_25,NA,NA,NA,NA,NA,NA,NA,NA,-0.721987315012407,NA,NA,-0.721987315012407,NA,NA,NA,-0.721987315012406,NA,NA,NA,-0.721987315012406,NA
20160700_S23_5,-0.644532614091497,-0.644532614091497,-0.644532614091497,-0.644532614091497,NA,NA,-0.644532614091497,NA,NA,-0.644532614091497,-0.644532614091497,NA,-0.644532614091497,NA,NA,NA,NA,-0.644532614091497,NA,NA,NA
20110800_P1S_5,NA,-0.635639255737069,-0.635639255737069,-0.635639255737068,-0.635639255737069,-0.635639255737069,-0.635639255737069,-0.635639255737069,NA,NA,-0.635639255737069,NA,-0.635639255737069,-0.635639255737069,NA,-0.635639255737069,NA,NA,-0.635639255737069,NA,-0.635639255737069
20150700_P23_11,NA,-0.716162539431526,NA,-0.716162539431526,-0.716162539431526,NA,NA,-0.716162539431526,NA,NA,-0.716162539431525,NA,NA,-0.716162539431525,NA,-0.716162539431526,NA,NA,-0.716162539431526,NA,-0.716162539431526
20120500_P14_1,NA,NA,NA,NA,NA,NA,NA,NA,-0.757456688667161,NA,NA,NA,NA,NA,NA,NA,-0.757456688667161,NA,NA,NA,NA
20140700_S22_6,NA,NA,NA,-0.723563242011596,NA,NA,NA,NA,NA,NA,NA,NA,NA,NA,NA,NA,NA,NA,NA,NA,NA
20110800_S1D_14,NA,NA,NA,NA,NA,NA,NA,NA,NA,NA,NA,NA,NA,NA,NA,NA,NA,NA,NA,-0.747834991850761,NA
20150700_P13_7,NA,-0.404225301255003,-0.404225301255003,-0.404225301255003,-0.404225301255003,-0.404225301255003,-0.404225301255003,-0.404225301255003,NA,-0.404225301255003,-0.404225301255003,NA,-0.404225301255003,-0.404225301255003,NA,NA,NA,-0.404225301255003,-0.404225301255003,NA,NA
20120700_S1D_33,NA,NA,NA,NA,NA,NA,NA,NA,0.138787346217154,NA,NA,NA,NA,NA,NA,NA,NA,NA,NA,NA,NA
20110800_S3S_27,NA,NA,NA,0.1680436422343,NA,NA,NA,NA,NA,NA,NA,NA,NA,NA,NA,NA,NA,NA,NA,NA,NA
20120700_S1D_5,NA,NA,NA,0.304300602587438,NA,NA,NA,NA,NA,NA,NA,NA,NA,NA,NA,NA,NA,NA,NA,NA,NA
20110600_S1S_4,NA,NA,NA,0.259018407079797,NA,NA,NA,NA,NA,NA,NA,NA,NA,NA,NA,NA,NA,NA,NA,NA,NA
20110700_P1S_12,NA,NA,0.555808424328182,NA,NA,NA,0.555808424328182,NA,NA,NA,NA,NA,0.555808424328183,NA,0.555808424328183,NA,NA,0.555808424328182,NA,NA,NA
20160700_P15_5,NA,NA,NA,NA,NA,-0.0664417761154209,NA,NA,-0.0664417761154209,NA,NA,-0.066441776115421,NA,-0.066441776115421,NA,NA,-0.0664417761154211,NA,NA,-0.0664417761154209,NA
20110600_P1M_17,NA,NA,NA,NA,NA,NA,NA,NA,-0.221656571964557,NA,NA,-0.221656571964557,NA,NA,NA,NA,-0.221656571964557,NA,NA,-0.221656571964557,NA
PMUP01,NA,-0.0212809884275488,NA,-0.021280988427549,-0.0212809884275491,-0.021280988427549,NA,-0.0212809884275489,NA,NA,-0.0212809884275489,NA,-0.0212809884275491,-0.0212809884275489,NA,-0.0212809884275489,NA,NA,-0.0212809884275489,NA,-0.021280988427549
20120500_P13_5,NA,NA,NA,NA,NA,NA,NA,-0.217315655442014,-0.217315655442014,NA,NA,-0.217315655442014,NA,-0.217315655442014,NA,NA,-0.217315655442014,NA,-0.217315655442014,-0.217315655442014,NA
20110600_P1M_1,NA,0.220370334403879,NA,NA,NA,0.220370334403879,NA,NA,NA,NA,NA,NA,NA,NA,NA,NA,NA,NA,NA,NA,0.220370334403879
20120700_P3D_88,NA,NA,NA,NA,NA,NA,NA,NA,NA,NA,NA,NA,NA,NA,NA,NA,0.247158717695497,NA,NA,NA,NA
20110600_P1M_9,NA,NA,NA,NA,NA,NA,NA,NA,NA,NA,NA,NA,NA,NA,NA,NA,0.195384641640148,NA,NA,NA,NA
20170700_S25_8,NA,NA,NA,NA,NA,NA,NA,NA,0.679241699756081,NA,NA,NA,NA,NA,NA,NA,NA,NA,NA,NA,NA
20150700_P15_4,NA,-0.786066654888039,NA,-0.786066654888039,-0.786066654888039,-0.786066654888039,-0.786066654888039,-0.786066654888039,NA,-0.786066654888039,-0.786066654888039,NA,-0.786066654888039,-0.786066654888039,NA,-0.786066654888039,NA,-0.786066654888039,-0.786066654888039,NA,-0.786066654888039
20120500_P32_6,NA,NA,NA,-0.875476104912506,-0.875476104912506,-0.875476104912506,NA,-0.875476104912506,-0.875476104912506,NA,-0.875476104912506,-0.875476104912506,NA,NA,NA,NA,NA,NA,-0.875476104912506,NA,NA
20170700_S25_3,NA,NA,NA,NA,NA,-0.661176004690317,NA,NA,-0.661176004690317,NA,NA,-0.661176004690317,NA,NA,NA,NA,-0.661176004690317,NA,NA,-0.661176004690317,NA
20150700_P15_5,-0.654284973721504,-0.654284973721504,-0.654284973721504,-0.654284973721504,-0.654284973721504,-0.654284973721504,-0.654284973721504,-0.654284973721504,NA,-0.654284973721504,-0.654284973721504,-0.654284973721504,-0.654284973721504,-0.654284973721503,-0.654284973721504,NA,NA,-0.654284973721504,-0.654284973721503,NA,-0.654284973721504
20120800_P1D_2,NA,NA,NA,NA,NA,-0.76134076642509,NA,NA,-0.76134076642509,NA,NA,-0.76134076642509,NA,NA,NA,NA,-0.76134076642509,NA,NA,-0.76134076642509,NA
20140700_S21_18,NA,NA,NA,-0.76143066561301,NA,NA,NA,NA,NA,NA,NA,NA,NA,NA,NA,NA,NA,NA,NA,NA,NA
20120700_P2D_1,NA,NA,NA,NA,NA,NA,NA,NA,-0.737692275598206,NA,NA,-0.737692275598207,NA,NA,NA,NA,NA,NA,NA,-0.737692275598206,NA
20150700_P15_11,NA,-0.732962892520292,NA,-0.732962892520292,-0.732962892520292,-0.732962892520293,NA,-0.732962892520292,NA,-0.732962892520292,-0.732962892520292,NA,NA,-0.732962892520292,NA,-0.732962892520292,NA,-0.732962892520292,-0.732962892520292,NA,-0.732962892520292
20120600_P3M_9,-0.384043630628723,-0.384043630628723,-0.384043630628723,-0.384043630628723,-0.384043630628723,-0.384043630628724,-0.384043630628723,-0.384043630628723,NA,-0.384043630628723,-0.384043630628723,NA,-0.384043630628723,-0.384043630628723,-0.384043630628723,-0.384043630628723,NA,-0.384043630628723,-0.384043630628723,NA,-0.384043630628723
20120600_P3M_2,-0.448837881896727,-0.448837881896727,-0.448837881896727,-0.448837881896727,-0.448837881896727,-0.448837881896727,-0.448837881896727,-0.448837881896727,NA,-0.448837881896727,-0.448837881896727,NA,-0.448837881896727,-0.448837881896727,-0.448837881896727,-0.448837881896727,NA,-0.448837881896727,-0.448837881896727,NA,-0.448837881896727
20120700_P3D_40,-0.507026954432186,-0.507026954432186,-0.507026954432186,-0.507026954432186,-0.507026954432185,-0.507026954432186,-0.507026954432186,-0.507026954432186,-0.507026954432186,NA,-0.507026954432186,-0.507026954432186,-0.507026954432186,-0.507026954432186,-0.507026954432186,-0.507026954432186,NA,NA,-0.507026954432186,-0.507026954432186,-0.507026954432186
20111000_P1S_2,-0.0933196714838787,NA,-0.0933196714838787,-0.0933196714838789,NA,NA,-0.0933196714838785,NA,NA,NA,NA,NA,NA,NA,-0.0933196714838788,NA,NA,NA,NA,NA,NA
20111000_P1S_6,-0.0385004591104099,NA,-0.0385004591104099,NA,NA,NA,-0.0385004591104099,NA,NA,NA,NA,NA,NA,NA,-0.0385004591104099,NA,NA,-0.0385004591104099,NA,NA,NA
20110800_S3S_25,NA,NA,NA,-0.365267033869006,NA,NA,NA,NA,NA,NA,NA,NA,NA,NA,NA,NA,NA,NA,NA,NA,NA
20110700_P2S_5,NA,NA,NA,NA,NA,NA,NA,NA,NA,NA,NA,NA,-0.38866922358116,NA,NA,NA,NA,NA,NA,NA,NA
20120700_S1D_64,NA,NA,NA,-0.396672451688118,NA,NA,NA,NA,NA,NA,NA,NA,NA,NA,NA,NA,NA,NA,NA,NA,NA
20110600_S1D_15,NA,NA,NA,NA,NA,NA,NA,NA,NA,NA,NA,NA,NA,NA,NA,NA,NA,NA,-0.385455824240024,NA,NA
20110600_P1M_18,NA,-0.367490130191506,NA,NA,NA,-0.367490130191506,NA,-0.367490130191506,NA,NA,NA,NA,NA,-0.367490130191506,NA,-0.367490130191506,NA,NA,NA,NA,-0.367490130191506
20120700_P1D_9,NA,NA,NA,NA,NA,NA,NA,NA,-0.387116703221701,NA,NA,-0.387116703221701,NA,NA,NA,NA,NA,NA,NA,NA,NA
20140700_S16_1,NA,NA,NA,NA,NA,NA,NA,NA,-0.377829437980127,NA,NA,NA,NA,NA,NA,NA,NA,NA,NA,NA,NA
20140700_S32_12,NA,NA,NA,NA,NA,NA,NA,NA,NA,NA,NA,NA,NA,-0.348831523825458,NA,-0.348831523825458,NA,NA,NA,NA,NA
20120700_S1D_114,NA,NA,NA,-0.510842422464895,NA,NA,NA,NA,-0.510842422464895,NA,NA,NA,NA,NA,NA,NA,NA,NA,NA,NA,NA
20120800_P1D_1,NA,NA,NA,NA,NA,-0.422122113237988,NA,-0.422122113237988,-0.422122113237988,NA,-0.422122113237988,-0.422122113237988,NA,NA,NA,NA,-0.422122113237988,NA,-0.422122113237988,-0.422122113237988,NA
20150700_P31_13,-0.415379051784542,-0.415379051784542,-0.415379051784542,-0.415379051784542,-0.415379051784542,NA,-0.415379051784542,-0.415379051784542,NA,NA,-0.415379051784542,NA,-0.415379051784542,NA,-0.415379051784542,NA,NA,-0.415379051784542,-0.415379051784542,NA,NA
20140700_S21_12,NA,NA,NA,-0.575353572357179,NA,NA,NA,NA,NA,NA,NA,NA,NA,NA,NA,NA,NA,NA,NA,NA,NA
20110800_S3M_18,NA,NA,NA,-0.652376687585718,NA,NA,NA,NA,NA,NA,NA,NA,NA,NA,NA,NA,NA,NA,NA,NA,NA
20170700_S25_13,NA,NA,NA,-0.467176167195712,NA,NA,NA,NA,-0.467176167195712,NA,NA,-0.467176167195713,NA,NA,NA,NA,NA,NA,-0.467176167195713,-0.467176167195713,NA
20170700_S24_14,NA,NA,NA,-0.51391767535124,NA,NA,NA,NA,NA,NA,NA,NA,NA,NA,NA,NA,NA,NA,NA,NA,NA
20111000_P3M_44,NA,NA,NA,NA,NA,NA,NA,NA,-0.507168275449405,NA,NA,NA,NA,NA,NA,NA,-0.507168275449405,NA,NA,NA,NA
20120500_P26_5,NA,NA,NA,NA,NA,NA,NA,NA,-0.487382515190436,NA,NA,NA,NA,NA,NA,NA,-0.487382515190435,NA,NA,-0.487382515190436,NA
20170700_S25_7,NA,NA,NA,NA,NA,NA,NA,NA,-0.556100530956837,NA,NA,-0.556100530956837,NA,NA,NA,NA,NA,NA,NA,-0.556100530956837,NA
20170700_P14_3,NA,NA,NA,NA,NA,-0.51289051510426,NA,-0.51289051510426,-0.51289051510426,NA,-0.51289051510426,-0.51289051510426,NA,-0.51289051510426,NA,-0.51289051510426,-0.51289051510426,NA,-0.51289051510426,-0.51289051510426,-0.51289051510426
20110800_S2M_3,NA,NA,NA,NA,NA,NA,NA,NA,-0.64137194510502,NA,NA,NA,NA,NA,NA,NA,NA,NA,-0.641371945105021,NA,NA
20120700_S3X_7,NA,NA,NA,-0.563642299514316,NA,NA,NA,-0.563642299514316,-0.563642299514316,NA,NA,-0.563642299514316,NA,-0.563642299514316,NA,NA,-0.563642299514316,NA,-0.563642299514316,NA,-0.563642299514316
20150700_S23_11,-0.547246593006787,NA,NA,-0.547246593006787,NA,NA,NA,NA,NA,NA,NA,NA,NA,NA,-0.547246593006787,NA,NA,NA,NA,NA,NA
20111000_P1S_1,-0.631366759611289,NA,-0.631366759611289,-0.631366759611289,NA,NA,-0.631366759611289,NA,NA,NA,NA,NA,NA,NA,-0.631366759611289,NA,NA,NA,NA,NA,NA
20160700_P15_24,NA,-0.704810246163071,NA,NA,NA,NA,NA,-0.704810246163072,NA,NA,-0.704810246163071,NA,NA,-0.704810246163071,NA,NA,NA,NA,-0.704810246163072,NA,NA
20110700_P1S_2,-0.489442512935687,-0.489442512935687,NA,-0.489442512935687,NA,NA,-0.489442512935687,-0.489442512935687,NA,-0.489442512935687,-0.489442512935687,NA,-0.489442512935687,-0.489442512935687,-0.489442512935687,NA,NA,-0.489442512935687,-0.489442512935687,NA,-0.489442512935687
20110800_P2D_10,NA,NA,NA,NA,NA,-0.582643562605917,NA,NA,NA,NA,NA,NA,NA,NA,NA,NA,NA,NA,NA,NA,NA
20130700_C2Y_2,NA,NA,NA,NA,NA,NA,NA,NA,-0.537122593598863,NA,NA,NA,NA,NA,NA,NA,-0.537122593598863,NA,NA,NA,NA
20130700_S2M_1,NA,NA,NA,-0.536593980668713,NA,NA,NA,NA,NA,NA,NA,NA,NA,NA,NA,NA,NA,NA,-0.536593980668713,NA,NA
20120600_S1D_7,NA,NA,NA,NA,NA,NA,NA,NA,NA,NA,NA,NA,NA,NA,NA,NA,NA,NA,-0.445045436861175,NA,NA
20110700_P2D_11,NA,NA,NA,NA,NA,NA,NA,NA,-0.409523797223896,NA,NA,NA,NA,NA,NA,NA,NA,NA,NA,NA,NA
20120800_E1D_14,NA,NA,NA,NA,NA,NA,NA,NA,-0.392945026836053,NA,NA,NA,NA,NA,NA,NA,NA,NA,-0.392945026836053,-0.392945026836053,NA
20140700_S11_11,NA,NA,NA,-0.397796926734384,NA,NA,NA,NA,-0.397796926734384,NA,NA,NA,NA,NA,NA,NA,NA,NA,NA,NA,NA
20150700_E14_2,NA,NA,NA,NA,NA,NA,NA,NA,NA,NA,NA,NA,NA,NA,NA,NA,NA,NA,-0.440355436771222,NA,NA
20140700_S11_15,NA,NA,NA,-0.501740743178764,NA,NA,NA,NA,NA,NA,NA,NA,NA,NA,NA,NA,NA,NA,NA,NA,NA
20170700_S33_5,0.422109103920435,NA,NA,NA,NA,NA,NA,NA,0.422109103920435,NA,NA,NA,NA,NA,NA,NA,0.422109103920435,NA,NA,0.422109103920435,NA
20120800_S3X_7,NA,NA,NA,NA,NA,NA,NA,NA,0.0703199677012464,NA,NA,NA,NA,NA,NA,NA,NA,NA,NA,NA,NA
20130700_P1Y_11,NA,NA,NA,NA,NA,NA,NA,NA,0.0342512493371174,NA,NA,0.0342512493371173,NA,NA,NA,NA,0.0342512493371171,NA,NA,0.0342512493371172,NA
20170700_S25_1,NA,NA,NA,NA,NA,0.344128375473425,NA,0.344128375473425,0.344128375473425,NA,0.344128375473424,0.344128375473425,NA,0.344128375473425,NA,NA,0.344128375473425,NA,0.344128375473425,0.344128375473425,0.344128375473425
20110600_S1D_17,NA,NA,NA,NA,NA,NA,NA,0.14225207328822,0.14225207328822,NA,0.14225207328822,0.14225207328822,NA,NA,NA,NA,0.14225207328822,NA,0.14225207328822,0.14225207328822,NA
20120700_P3D_14,NA,NA,NA,NA,NA,NA,NA,NA,-0.0956004003744186,NA,NA,NA,NA,NA,NA,NA,NA,NA,NA,NA,NA
20120500_P28_12,NA,NA,NA,NA,NA,NA,NA,NA,-0.116981755593739,NA,NA,NA,NA,NA,NA,NA,-0.116981755593739,NA,NA,NA,NA
20120700_S1D_51,NA,NA,NA,NA,NA,NA,NA,NA,NA,NA,NA,0.00379085987935819,NA,NA,NA,NA,0.0037908598793583,NA,NA,0.00379085987935813,NA
20120500_P28_11,NA,NA,NA,NA,NA,NA,NA,NA,-0.0340033053358435,NA,NA,NA,NA,NA,NA,NA,NA,NA,NA,NA,NA
20170700_S24_5,NA,NA,NA,NA,NA,NA,NA,NA,0.0939689549292111,NA,NA,NA,NA,NA,NA,NA,0.093968954929211,NA,NA,NA,NA
20130700_P1Y_12,NA,NA,NA,NA,NA,-0.688424861645929,NA,-0.688424861645929,-0.688424861645929,NA,NA,-0.688424861645929,NA,-0.688424861645929,NA,NA,-0.688424861645929,NA,NA,-0.688424861645929,-0.688424861645929
20120500_P25_12,NA,NA,NA,NA,NA,NA,NA,NA,-0.673892820351992,NA,NA,NA,NA,NA,NA,NA,-0.673892820351992,NA,NA,NA,NA
20120600_S3M_3,NA,NA,NA,-0.727808002378574,NA,NA,NA,NA,NA,NA,NA,NA,NA,NA,NA,NA,NA,NA,NA,NA,NA
20110700_P3S_5,-0.595198270321263,-0.595198270321263,-0.595198270321263,-0.595198270321263,-0.595198270321263,-0.595198270321263,-0.595198270321263,-0.595198270321263,NA,-0.595198270321264,-0.595198270321263,NA,-0.595198270321263,-0.595198270321263,-0.595198270321263,-0.595198270321263,NA,-0.595198270321263,-0.595198270321263,NA,-0.595198270321263
20120500_P26_1,NA,NA,NA,NA,NA,NA,NA,NA,-0.719021361290631,NA,NA,NA,NA,NA,NA,NA,NA,NA,NA,-0.71902136129063,NA
PLHP01,NA,NA,NA,NA,NA,NA,NA,NA,-0.72941591180809,NA,NA,NA,NA,NA,NA,NA,NA,NA,NA,NA,NA
20120600_P2M_5,-0.56272891433798,-0.56272891433798,-0.56272891433798,-0.56272891433798,-0.56272891433798,-0.56272891433798,-0.56272891433798,-0.56272891433798,NA,-0.56272891433798,-0.56272891433798,NA,-0.56272891433798,-0.56272891433798,-0.56272891433798,-0.56272891433798,NA,-0.56272891433798,-0.56272891433798,NA,-0.56272891433798
20160700_S15_2,NA,NA,NA,NA,NA,NA,NA,NA,-0.725355488498511,NA,NA,NA,NA,NA,NA,NA,NA,NA,NA,NA,NA
20160700_S23_13,NA,NA,NA,NA,NA,NA,NA,NA,NA,NA,NA,NA,NA,NA,NA,NA,NA,NA,-0.746490465641452,NA,NA
20120700_P3D_71,NA,NA,NA,NA,NA,NA,NA,NA,NA,NA,NA,NA,NA,NA,NA,NA,-0.588080966636266,NA,NA,NA,NA
20120700_P3D_35,NA,NA,NA,NA,NA,NA,NA,NA,-0.430321990546269,NA,NA,NA,NA,NA,NA,NA,NA,NA,NA,NA,NA
20160700_P15_19,NA,-0.264513672494871,NA,-0.26451367249487,-0.264513672494871,-0.264513672494871,NA,-0.264513672494871,NA,NA,-0.264513672494871,NA,NA,-0.264513672494871,NA,-0.264513672494871,-0.264513672494871,NA,-0.264513672494871,-0.264513672494871,-0.264513672494871
20120700_P3D_119,NA,NA,NA,NA,NA,NA,NA,NA,-0.301933044139141,NA,NA,-0.301933044139141,NA,NA,NA,NA,-0.301933044139141,NA,NA,NA,NA
20150700_P24_7,NA,NA,NA,NA,NA,NA,NA,NA,-0.262615331705774,NA,NA,-0.262615331705774,NA,NA,NA,NA,-0.262615331705774,NA,NA,-0.262615331705774,NA
20110700_P2D_7,NA,NA,NA,NA,NA,NA,NA,NA,NA,NA,NA,NA,NA,NA,NA,NA,-0.728705038115757,NA,NA,NA,NA
20120500_P24_5,NA,NA,NA,NA,NA,NA,NA,NA,-0.700522860257444,NA,NA,-0.700522860257444,NA,NA,NA,NA,NA,NA,NA,-0.700522860257444,NA
20120700_P1M_6,NA,-0.620683671586832,NA,NA,-0.620683671586832,-0.620683671586832,NA,-0.620683671586832,NA,NA,-0.620683671586832,NA,NA,-0.620683671586832,NA,-0.620683671586832,NA,NA,-0.620683671586832,NA,-0.620683671586832
20111000_P1M_2,NA,NA,NA,NA,NA,NA,NA,NA,NA,NA,NA,NA,NA,NA,NA,-0.739387120482478,NA,NA,NA,NA,NA
20120800_P2D_2,NA,NA,NA,NA,NA,NA,NA,NA,-0.644287582394412,NA,NA,-0.644287582394412,NA,NA,NA,NA,-0.644287582394412,NA,NA,-0.644287582394412,NA
20150700_P31_3,-0.501724664167017,NA,NA,NA,NA,NA,-0.501724664167017,NA,NA,-0.501724664167017,-0.501724664167017,NA,-0.501724664167017,NA,-0.501724664167017,NA,NA,-0.501724664167017,NA,NA,NA
20120600_P3D_1,NA,NA,NA,NA,-0.586015585964236,-0.586015585964236,NA,-0.586015585964236,NA,NA,-0.586015585964236,NA,NA,-0.586015585964236,NA,NA,NA,NA,-0.586015585964236,NA,NA
20110800_P3S_4,NA,NA,NA,NA,NA,NA,NA,NA,NA,NA,NA,NA,NA,NA,-0.652561669668531,NA,NA,NA,NA,NA,NA
20120700_P3S_2,NA,NA,NA,NA,NA,NA,-0.705344195265067,NA,NA,-0.705344195265067,NA,NA,-0.705344195265067,NA,NA,NA,NA,-0.705344195265067,NA,NA,NA
20110700_P2M_4,NA,NA,NA,NA,NA,-0.689936168201104,NA,NA,NA,NA,NA,NA,NA,NA,NA,NA,NA,NA,NA,NA,NA
20160700_P15_18,NA,-0.660909102603547,NA,NA,-0.660909102603547,NA,NA,-0.660909102603547,-0.660909102603547,NA,-0.660909102603547,NA,NA,-0.660909102603547,NA,-0.660909102603547,NA,NA,-0.660909102603547,NA,-0.660909102603547
20150700_P11_4,NA,NA,NA,NA,NA,NA,NA,-0.617788601127339,NA,-0.617788601127339,-0.617788601127339,NA,NA,-0.617788601127339,NA,-0.617788601127339,NA,-0.617788601127339,NA,NA,-0.617788601127339
20120600_P3M_11,-0.403308519988481,-0.403308519988481,-0.403308519988481,-0.403308519988481,-0.403308519988481,-0.403308519988481,-0.403308519988481,-0.403308519988481,NA,-0.403308519988481,-0.403308519988481,NA,-0.403308519988481,-0.403308519988481,-0.403308519988481,-0.403308519988481,NA,-0.403308519988481,-0.403308519988481,NA,-0.403308519988481
20120800_P2M_7,-0.498742765382631,-0.498742765382631,NA,-0.498742765382631,-0.498742765382631,-0.498742765382631,-0.498742765382631,-0.498742765382631,NA,-0.498742765382631,-0.498742765382631,NA,-0.498742765382631,-0.498742765382631,-0.498742765382631,-0.498742765382631,NA,-0.498742765382631,-0.498742765382631,NA,-0.498742765382631
20110700_P3M_11,NA,-0.709176091640546,NA,-0.709176091640546,-0.709176091640546,-0.709176091640546,NA,-0.709176091640546,NA,NA,-0.709176091640546,NA,NA,-0.709176091640546,NA,-0.709176091640546,NA,NA,-0.709176091640546,NA,NA
20110800_P3S_2,-0.55330437759367,-0.55330437759367,-0.55330437759367,-0.55330437759367,-0.55330437759367,NA,-0.55330437759367,-0.55330437759367,NA,-0.55330437759367,-0.55330437759367,NA,-0.55330437759367,-0.55330437759367,NA,-0.55330437759367,NA,-0.55330437759367,-0.55330437759367,NA,-0.55330437759367
20111000_P2S_1,-0.560577271234147,-0.560577271234147,-0.560577271234147,-0.560577271234147,NA,-0.560577271234147,-0.560577271234147,NA,NA,-0.560577271234147,-0.560577271234147,NA,-0.560577271234147,-0.560577271234147,-0.560577271234147,NA,NA,-0.560577271234147,NA,NA,NA
20120600_P2M_8,NA,NA,NA,-0.603404173174922,-0.603404173174922,NA,NA,-0.603404173174922,NA,NA,-0.603404173174922,NA,NA,NA,NA,NA,NA,NA,-0.603404173174922,NA,NA
20120700_P3D_81,NA,NA,NA,NA,NA,NA,NA,NA,0.159450312277693,NA,NA,NA,NA,NA,NA,NA,NA,NA,NA,NA,NA
20120700_S1X_12,NA,NA,NA,NA,NA,NA,NA,NA,0.0314894340590145,NA,NA,0.0314894340590145,NA,NA,NA,NA,0.0314894340590147,NA,NA,0.0314894340590147,NA
PLYW01,NA,NA,NA,NA,NA,NA,NA,NA,-0.0160493905101162,NA,NA,NA,NA,NA,NA,NA,NA,NA,NA,NA,NA
20120700_P1D_3,NA,NA,NA,NA,NA,NA,NA,NA,0.0450060438823807,NA,NA,NA,NA,NA,NA,NA,0.0450060438823809,NA,NA,0.0450060438823809,NA
20120700_S1D_76,NA,NA,NA,0.0731843608608235,NA,NA,NA,NA,NA,NA,NA,NA,NA,NA,NA,NA,NA,NA,0.0731843608608238,NA,NA
20120500_P24_8,NA,0.0857426810262855,NA,NA,NA,NA,NA,0.0857426810262855,NA,NA,0.0857426810262856,0.0857426810262855,NA,0.0857426810262858,NA,0.0857426810262855,0.0857426810262856,NA,0.0857426810262857,NA,0.0857426810262856
20120700_P3D_11,NA,NA,NA,NA,NA,NA,NA,NA,-0.495475997632165,NA,NA,-0.495475997632165,NA,NA,NA,NA,-0.495475997632165,NA,NA,-0.495475997632165,NA
20110700_P3M_9,-0.521523673060432,-0.521523673060431,-0.521523673060432,-0.521523673060431,-0.521523673060432,-0.521523673060431,-0.521523673060432,-0.521523673060432,NA,-0.521523673060431,-0.521523673060432,NA,-0.521523673060432,-0.521523673060432,-0.521523673060432,-0.521523673060432,NA,-0.521523673060431,-0.521523673060431,NA,-0.521523673060431
20160700_P15_2,NA,NA,NA,NA,NA,NA,NA,NA,-0.634750858294262,NA,-0.634750858294262,-0.634750858294262,NA,-0.634750858294261,NA,NA,NA,NA,NA,-0.634750858294262,-0.634750858294261
20110700_P2S_4,-0.840857152262414,-0.840857152262414,NA,-0.840857152262414,NA,-0.840857152262414,-0.840857152262414,NA,NA,NA,-0.840857152262414,NA,-0.840857152262414,-0.840857152262414,NA,-0.840857152262414,NA,NA,-0.840857152262414,NA,-0.840857152262414
20160700_P15_3,-11.3690517254865,-11.1140672741344,-11.0550451259865,-11.3289091380316,-11.5055902137199,-11.4680851321263,-11.1133463725961,-11.6359738138912,-11.2578496604712,-11.6289296351592,-11.6459958893467,-11.4375327356189,-11.5956725252078,-11.4207288443543,-10.8741806407346,-11.4828909053809,-11.1208799986862,-11.1241807314797,-11.4419033075428,-11.5196714708032,-11.2109399753806
20170700_P31_1,-0.799596164640557,-0.799596164640557,-0.799596164640557,-0.799596164640557,-0.799596164640557,-0.799596164640557,-0.799596164640557,-0.799596164640557,NA,-0.799596164640557,-0.799596164640557,-0.799596164640557,-0.799596164640557,-0.799596164640557,-0.799596164640557,-0.799596164640557,NA,-0.799596164640557,-0.799596164640557,NA,-0.799596164640557
20120700_P1M_1,-0.78327563004879,-0.78327563004879,-0.78327563004879,-0.78327563004879,-0.78327563004879,-0.78327563004879,-0.78327563004879,-0.78327563004879,NA,-0.78327563004879,-0.78327563004879,-0.78327563004879,-0.78327563004879,-0.78327563004879,-0.78327563004879,-0.78327563004879,NA,-0.78327563004879,-0.78327563004879,NA,-0.78327563004879
20140700_S31_3,-0.404244730816263,NA,NA,NA,NA,NA,NA,NA,NA,NA,NA,NA,NA,NA,-0.404244730816263,NA,NA,NA,NA,NA,NA
20120600_P3M_6,-0.303729116506173,-0.303729116506173,-0.303729116506173,-0.303729116506173,NA,NA,-0.303729116506173,-0.303729116506173,NA,-0.303729116506173,-0.303729116506173,NA,-0.303729116506173,-0.303729116506173,-0.303729116506173,-0.303729116506173,NA,-0.303729116506173,NA,NA,-0.303729116506173
20120700_P2M_5,-0.0678267882428084,-0.0678267882428086,-0.0678267882428084,-0.0678267882428085,-0.0678267882428084,-0.0678267882428084,-0.0678267882428086,-0.0678267882428083,NA,-0.0678267882428085,-0.0678267882428084,NA,-0.0678267882428085,-0.0678267882428084,-0.0678267882428084,-0.0678267882428085,NA,-0.0678267882428084,-0.0678267882428085,NA,-0.0678267882428084
20120700_P3D_33,NA,NA,NA,NA,NA,NA,NA,NA,0.200442890226409,NA,NA,0.200442890226409,NA,NA,NA,0.200442890226409,0.200442890226409,NA,NA,0.200442890226409,NA
20110800_P3M_3,NA,0.121753820597876,NA,0.121753820597876,0.121753820597876,0.121753820597876,NA,0.121753820597875,NA,NA,0.121753820597876,NA,NA,0.121753820597876,NA,0.121753820597876,NA,NA,0.121753820597876,NA,0.121753820597876
3300037147_7,NA,NA,NA,NA,NA,0.163652893888647,NA,NA,0.163652893888647,NA,NA,0.163652893888647,NA,0.163652893888647,NA,0.163652893888647,0.163652893888647,NA,NA,0.163652893888647,NA
20120700_P3D_27,NA,NA,NA,NA,NA,NA,NA,NA,-0.0893798380478987,NA,NA,NA,NA,NA,NA,NA,NA,NA,NA,-0.0893798380478987,NA
20120700_P3D_46,NA,NA,NA,NA,NA,NA,NA,NA,NA,NA,NA,NA,NA,NA,NA,NA,-0.0312369212608888,NA,NA,-0.0312369212608889,NA
20110600_P3S_4,NA,NA,-0.195298387440919,NA,NA,NA,-0.195298387440919,NA,NA,-0.195298387440919,NA,NA,NA,NA,-0.195298387440919,NA,NA,-0.195298387440919,NA,NA,NA
20170700_P33_1,0.119984254954268,0.119984254954269,NA,0.119984254954269,0.119984254954269,NA,0.119984254954269,0.119984254954268,NA,NA,0.119984254954269,NA,NA,0.119984254954269,0.119984254954269,0.119984254954269,NA,NA,0.119984254954269,NA,0.119984254954269
20150700_P23_12,NA,NA,NA,-0.305979131470789,-0.305979131470789,NA,-0.305979131470789,NA,NA,NA,NA,NA,NA,NA,NA,NA,NA,NA,-0.305979131470789,NA,NA
3300037141_6,NA,NA,NA,NA,NA,NA,NA,NA,4.26743885532398,NA,NA,NA,NA,NA,NA,NA,NA,NA,NA,NA,NA
3300038457_7,NA,NA,NA,NA,NA,NA,NA,NA,4.10256470798901,NA,NA,NA,NA,NA,NA,NA,NA,NA,NA,NA,NA
