,RCBC,site1,site2
1,-1,2,31
2,1,2,32
3,1,2,33
4,1,2,34
5,1,2,35
6,1,2,36
7,1,2,37
8,1,2,38
9,1,2,39
10,1,2,40
11,1,2,41
12,1,2,42
13,1,2,43
14,1,2,44
15,1,2,45
16,1,2,46
17,-1,2,47
18,-1,2,48
19,-0.81,2,49
20,-1,2,50
21,-1,2,51
22,-0.93,2,52
23,-1,2,53
24,1,2,54
25,1,2,55
26,1,2,56
27,1,2,57
28,1,2,58
29,0.01,2,59
30,1,2,60
31,1,2,61
32,1,2,62
33,1,2,63
34,1,2,64
35,1,2,65
36,1,2,66
37,1,2,67
38,-1,3,4
39,-1,3,5
40,-1,3,6
41,1,3,7
42,1,3,8
43,1,3,9
44,1,3,10
45,1,3,11
46,1,3,12
47,1,3,13
48,1,53,67
49,-1,54,55
50,-1,54,56
51,-1,54,57
52,-1,54,58
53,-1,54,59
54,1,54,60
55,1,54,61
56,-0.81,54,62
57,1,54,63
58,1,54,64
59,1,54,65
60,1,54,66
61,1,54,67
62,-1,55,56
63,-1,55,57
64,-1,55,58
65,-0.69,55,59
66,1,55,60
67,1,55,61
68,-1,55,62
69,1,55,63
70,0.88,55,64
71,1,55,65
72,1,55,66
73,1,55,67
74,-1,56,57
75,-1,56,58
76,0.95,56,59
77,1,56,60
78,0.95,56,61
79,-1,56,62
80,0.44,56,63
81,-0.8,56,64
82,1,56,65
83,1,56,66
84,1,56,67
85,-1,57,58
86,0.89,57,59
87,1,57,60
88,1,57,61
89,-1,57,62
90,1,57,63
91,0.86,57,64
92,1,57,65
93,1,57,66
94,1,3,60
95,1,3,61
96,1,3,62
97,1,3,63
98,1,3,64
99,1,3,65
100,1,3,66
101,1,3,67
102,-1,4,5
103,-1,4,6
104,-1,4,7
105,-1,4,8
106,0.99,4,9
107,-1,4,10
108,-1,4,11
109,0.97,4,12
110,-1,4,13
111,-0.99,4,14
112,-0.29,4,15
113,1,4,16
114,1,4,17
115,1,4,18
116,1,4,19
117,1,4,20
118,1,4,21
119,1,4,22
120,1,4,23
121,-1,4,24
122,-1,4,25
123,1,4,26
124,-1,4,27
125,-1,4,28
126,0.98,4,29
127,-1,4,30
128,-1,4,31
129,-1,4,32
130,-1,4,33
131,0.98,4,34
132,-1,4,35
133,-1,4,36
134,-0.65,4,37
135,-1,4,38
136,1,4,39
137,1,4,40
138,1,4,41
139,1,4,42
140,1,4,43
141,1,4,44
142,1,4,45
143,1,4,46
144,-1,4,47
145,-1,4,48
146,1,4,49
147,-1,4,50
148,-1,4,51
149,1,4,52
150,-1,4,53
151,-0.99,4,54
152,0.45,4,55
153,0.97,4,56
154,0.86,4,57
155,-0.98,4,58
156,-1,4,59
157,1,4,60
158,1,4,61
159,1,4,62
160,1,4,63
161,1,4,64
162,1,4,65
163,1,4,66
164,1,4,67
165,-1,5,6
166,1,5,7
167,1,5,8
168,1,5,9
169,1,5,10
170,1,5,11
171,1,5,12
172,1,5,13
173,1,5,14
174,1,5,15
175,1,5,16
176,1,5,17
177,1,5,18
178,1,5,19
179,1,5,20
180,1,5,21
181,1,5,22
182,1,5,23
183,-1,5,24
184,-1,5,25
185,0.87,5,26
186,-1,5,27
187,-1,5,28
188,-0.93,5,29
189,-1,5,30
190,-1,5,31
191,1,5,32
192,1,5,33
193,1,5,34
194,1,5,35
195,1,5,36
196,1,5,37
197,1,5,38
198,1,5,39
199,1,5,40
200,1,5,41
201,1,5,42
202,1,5,43
203,1,5,44
204,1,5,45
205,1,5,46
206,-1,5,47
207,-1,5,48
208,0.54,5,49
209,-1,5,50
210,-1,5,51
211,0.22,5,52
212,-1,5,53
213,1,5,54
214,1,5,55
215,1,5,56
216,1,5,57
217,1,5,58
218,0.42,5,59
219,1,5,60
220,1,5,61
221,1,5,62
222,1,5,63
223,1,5,64
224,1,5,65
225,1,5,66
226,1,5,67
227,1,6,7
228,1,6,8
229,1,6,9
230,1,6,10
231,1,6,11
232,1,6,12
233,1,6,13
234,1,6,14
235,1,6,15
236,1,6,16
237,1,6,17
238,1,6,18
239,1,6,19
240,1,6,20
241,1,6,21
242,1,6,22
243,1,6,23
244,-1,6,24
245,-1,6,25
246,-1,6,26
247,-1,6,27
248,-1,6,28
249,-1,6,29
250,-1,6,30
251,-1,6,31
252,1,6,32
253,1,6,33
254,1,6,34
255,1,6,35
256,1,6,36
257,1,6,37
258,1,6,38
259,1,6,39
260,1,6,40
261,1,6,41
262,1,6,42
263,1,6,43
264,1,6,44
265,1,6,45
266,1,6,46
267,-0.98,6,47
268,-1,6,48
269,-1,6,49
270,-1,6,50
271,-1,6,51
272,-1,6,52
273,-1,6,53
274,1,6,54
275,1,6,55
276,1,6,56
277,1,6,57
278,1,6,58
279,0.71,6,59
280,1,6,60
281,1,6,61
282,1,6,62
283,1,6,63
284,1,6,64
285,1,6,65
286,1,6,66
287,1,6,67
288,-1,7,8
289,-1,7,9
290,-1,7,10
291,-1,7,11
292,-1,7,12
293,-1,7,13
294,-1,7,14
295,-1,7,15
296,1,7,16
297,1,7,17
298,1,7,18
299,1,7,19
300,1,7,20
301,1,7,21
302,1,7,22
303,1,7,23
304,1,7,24
305,1,7,25
306,1,7,26
307,1,7,27
308,1,7,28
309,1,7,29
310,1,7,30
311,1,7,31
312,-1,7,32
313,-1,7,33
314,-1,7,34
315,-1,7,35
316,-1,7,36
317,-1,7,37
318,-1,7,38
319,1,7,39
320,1,7,40
321,1,7,41
322,1,7,42
323,1,7,43
324,1,7,44
325,1,7,45
326,1,7,46
327,1,7,47
328,1,7,48
329,1,7,49
330,1,7,50
331,0.81,7,51
332,1,7,52
333,1,7,53
334,-1,7,54
335,-1,7,55
336,-1,7,56
337,-1,7,57
338,-1,7,58
339,-1,7,59
340,1,7,60
341,1,7,61
342,1,7,62
343,1,7,63
344,1,7,64
345,1,7,65
346,1,7,66
347,1,7,67
348,-1,8,9
349,-1,8,10
350,-1,8,11
351,-1,8,12
352,-1,8,13
353,-1,8,14
354,-1,8,15
355,1,8,16
356,1,8,17
357,1,8,18
358,1,8,19
359,1,8,20
360,1,8,21
361,1,8,22
362,1,8,23
363,1,8,24
364,1,8,25
365,0.97,8,26
366,1,8,27
367,1,8,28
368,1,8,29
369,1,8,30
370,1,8,31
371,-1,8,32
372,-1,8,33
373,-1,8,34
374,-1,8,35
375,-1,8,36
376,-1,8,37
377,-1,8,38
378,1,8,39
379,1,8,40
380,1,8,41
381,1,8,42
382,1,8,43
383,1,8,44
384,1,8,45
385,1,8,46
386,1,8,47
387,1,8,48
388,1,8,49
389,1,8,50
390,0.39,8,51
391,1,8,52
392,1,8,53
393,-1,8,54
394,-1,8,55
395,-1,8,56
396,-1,8,57
397,-1,8,58
398,-1,8,59
399,1,8,60
400,1,8,61
401,-0.6,8,62
402,1,8,63
403,1,8,64
404,1,8,65
405,1,8,66
406,1,8,67
407,-0.99,9,10
408,-1,9,11
409,-1,9,12
410,0.94,9,13
411,-1,9,14
412,-1,9,15
413,1,9,16
414,0.48,9,17
415,1,9,18
416,1,9,19
417,-0.42,9,20
418,1,9,21
419,1,9,22
420,0.93,9,23
421,1,9,24
422,1,9,25
423,-0.98,9,26
424,1,9,27
425,1,9,28
426,0.85,9,29
427,1,9,30
428,1,9,31
429,-1,9,32
430,-1,9,33
431,-1,9,34
432,-0.65,9,35
433,-1,9,36
434,-1,9,37
435,1,9,38
436,1,9,39
437,0.43,9,40
438,-0.97,9,41
439,1,9,42
440,1,9,43
441,1,9,44
442,1,9,45
443,1,9,46
444,1,9,47
445,1,9,48
446,1,9,49
447,1,9,50
448,0.23,9,51
449,0.57,9,52
450,1,9,53
451,-1,9,54
452,-1,9,55
453,-1,9,56
454,-1,9,57
455,-1,9,58
456,0.99,9,59
457,1,9,60
458,1,9,61
459,-1,9,62
460,0.89,9,63
461,-0.24,9,64
462,1,9,65
463,1,9,66
464,1,9,67
465,-1,10,11
466,-1,10,12
467,-1,10,13
468,-1,10,14
469,-1,10,15
470,1,10,16
471,1,10,17
472,1,10,18
473,1,10,19
474,1,10,20
475,1,10,21
476,1,10,22
477,1,10,23
478,1,10,24
479,1,10,25
480,0.99,10,26
481,1,10,27
482,1,10,28
483,1,10,29
484,1,10,30
485,1,10,31
486,-1,10,32
487,-1,10,33
488,-1,10,34
489,-1,10,35
490,-1,10,36
491,-1,10,37
492,-1,10,38
493,1,10,39
494,1,10,40
495,1,10,41
496,1,10,42
497,1,10,43
498,1,10,44
499,1,10,45
500,1,10,46
501,1,10,47
502,1,10,48
503,1,10,49
504,1,10,50
505,0.96,10,51
506,1,10,52
507,1,10,53
508,-1,10,54
509,-1,10,55
510,-1,10,56
511,-1,10,57
512,-1,10,58
513,-1,10,59
514,1,10,60
515,1,10,61
516,1,10,62
517,1,10,63
518,1,10,64
519,1,10,65
520,1,10,66
521,1,10,67
522,-1,11,12
523,-1,11,13
524,-1,11,14
525,-1,11,15
526,1,11,16
527,1,11,17
528,1,11,18
529,1,11,19
530,1,11,20
531,1,11,21
532,1,11,22
533,1,11,23
534,1,11,24
535,1,11,25
536,0.73,11,26
537,1,11,27
538,1,11,28
539,1,11,29
540,1,11,30
541,1,11,31
542,-1,11,32
543,-1,11,33
544,-1,11,34
545,-1,11,35
546,-1,11,36
547,-1,11,37
548,-0.99,11,38
549,1,11,39
550,1,11,40
551,0.99,11,41
552,1,11,42
553,1,11,43
554,1,11,44
555,1,11,45
556,1,11,46
557,1,11,47
558,1,11,48
559,1,11,49
560,1,11,50
561,0.94,11,51
562,1,11,52
563,1,11,53
564,-1,11,54
565,-1,11,55
566,-1,11,56
567,-1,11,57
568,-1,11,58
569,-1,11,59
570,1,11,60
571,1,11,61
572,-1,11,62
573,1,11,63
574,1,11,64
575,1,11,65
576,1,11,66
577,1,11,67
578,0.95,12,13
579,-1,12,14
580,-1,12,15
581,1,12,16
582,-0.8,12,17
583,1,12,18
584,1,12,19
585,-0.96,12,20
586,1,12,21
587,1,12,22
588,0.41,12,23
589,1,12,24
590,1,12,25
591,-0.29,12,26
592,1,12,27
593,1,12,28
594,1,12,29
595,1,12,30
596,1,12,31
597,-1,12,32
598,-1,12,33
599,-1,12,34
600,-0.96,12,35
601,-1,12,36
602,-1,12,37
603,1,12,38
604,0.97,12,39
605,0.12,12,40
606,-1,12,41
607,0.99,12,42
608,0.93,12,43
609,1,12,44
610,1,12,45
611,1,12,46
612,1,12,47
613,1,12,48
614,1,12,49
615,1,12,50
616,0.93,12,51
617,0.97,12,52
618,1,12,53
619,-1,12,54
620,-1,12,55
621,-1,12,56
622,-1,12,57
623,-1,12,58
624,0.92,12,59
625,1,12,60
626,0.99,12,61
627,-1,12,62
628,0.54,12,63
629,-0.86,12,64
630,1,12,65
631,1,12,66
632,1,12,67
633,-1,13,14
634,-0.85,13,15
635,1,13,16
636,1,13,17
637,1,13,18
638,1,13,19
639,1,13,20
640,1,13,21
641,1,13,22
642,1,13,23
643,0.99,13,24
644,1,13,25
645,1,13,26
646,0.89,13,27
647,0.99,13,28
648,0.99,13,29
649,1,13,30
650,1,13,31
651,-1,13,32
652,-1,13,33
653,-1,13,34
654,-1,13,35
655,-1,13,36
656,-0.95,13,37
657,-1,13,38
658,1,13,39
659,1,13,40
660,1,13,41
661,1,13,42
662,1,13,43
663,1,13,44
664,1,13,45
665,1,13,46
666,0.88,13,47
667,1,13,48
668,1,13,49
669,0.99,13,50
670,0.87,13,51
671,1,13,52
672,0.99,13,53
673,-1,13,54
674,-0.85,13,55
675,0.97,13,56
676,0.87,13,57
677,-0.96,13,58
678,-1,13,59
679,1,13,60
680,1,13,61
681,1,13,62
682,1,13,63
683,1,13,64
684,1,13,65
685,1,13,66
686,1,13,67
687,-1,14,15
688,1,14,16
689,1,14,17
690,1,14,18
691,1,14,19
692,0.98,14,20
693,1,14,21
694,1,14,22
695,1,14,23
696,1,14,24
697,1,14,25
698,-0.69,14,26
699,1,14,27
700,1,14,28
701,0.84,14,29
702,1,14,30
703,1,14,31
704,-1,14,32
705,-1,14,33
706,-1,14,34
707,-1,14,35
708,-1,14,36
709,-1,14,37
710,-0.91,14,38
711,1,14,39
712,1,14,40
713,0.98,14,41
714,1,14,42
715,1,14,43
716,1,14,44
717,1,14,45
718,1,14,46
719,1,14,47
720,1,14,48
721,0.98,14,49
722,1,14,50
723,0.11,14,51
724,0.4,14,52
725,1,14,53
726,-1,14,54
727,-1,14,55
728,-1,14,56
729,-1,14,57
730,-1,14,58
731,-1,14,59
732,1,14,60
733,1,14,61
734,-1,14,62
735,1,14,63
736,1,14,64
737,1,14,65
738,1,14,66
739,1,14,67
740,1,15,16
741,0.74,15,17
742,1,15,18
743,1,15,19
744,0.54,15,20
745,1,15,21
746,1,15,22
747,1,15,23
748,1,15,24
749,1,15,25
750,-0.81,15,26
751,1,15,27
752,1,15,28
753,0.98,15,29
754,1,15,30
755,1,15,31
756,-1,15,32
757,-1,15,33
758,-1,15,34
759,-1,15,35
760,-1,15,36
761,-1,15,37
762,0.23,15,38
763,1,15,39
764,0.99,15,40
765,0.37,15,41
766,1,15,42
767,1,15,43
768,1,15,44
769,1,15,45
770,1,15,46
771,1,15,47
772,1,15,48
773,1,15,49
774,1,15,50
775,0.33,15,51
776,0.64,15,52
777,1,15,53
778,-1,15,54
779,-1,15,55
780,-1,15,56
781,-1,15,57
782,-1,15,58
783,-0.51,15,59
784,1,15,60
785,1,15,61
786,-1,15,62
787,1,15,63
788,0.71,15,64
789,1,15,65
790,1,15,66
791,1,15,67
792,-1,16,17
793,-1,16,18
794,-1,16,19
795,-1,16,20
796,-1,16,21
797,-1,16,22
798,-1,16,23
799,1,16,24
800,1,16,25
801,1,16,26
802,1,16,27
803,1,16,28
804,1,16,29
805,1,16,30
806,1,16,31
807,1,16,32
808,1,16,33
809,1,16,34
810,1,16,35
811,1,16,36
812,1,16,37
813,1,16,38
814,-1,16,39
815,-1,16,40
816,-1,16,41
817,-1,16,42
818,-1,16,43
819,-1,16,44
820,-1,16,45
821,-1,16,46
822,1,16,47
823,1,16,48
824,1,16,49
825,1,16,50
826,1,16,51
827,1,16,52
828,1,16,53
829,1,16,54
830,1,16,55
831,1,16,56
832,1,16,57
833,1,16,58
834,1,16,59
835,-1,16,60
836,-1,16,61
837,0.81,16,62
838,-1,16,63
839,-1,16,64
840,-1,16,65
841,-0.36,16,66
842,-1,16,67
843,-1,17,18
844,-1,17,19
845,-1,17,20
846,-1,17,21
847,-1,17,22
848,-1,17,23
849,1,17,24
850,1,17,25
851,1,17,26
852,1,17,27
853,1,17,28
854,1,17,29
855,1,17,30
856,1,17,31
857,1,17,32
858,1,17,33
859,1,17,34
860,1,17,35
861,1,17,36
862,0.97,17,37
863,1,17,38
864,-1,17,39
865,-1,17,40
866,-1,17,41
867,-1,17,42
868,-1,17,43
869,-1,17,44
870,-1,17,45
871,-1,17,46
872,1,17,47
873,1,17,48
874,1,17,49
875,1,17,50
876,1,17,51
877,1,17,52
878,1,17,53
879,1,17,54
880,0.92,17,55
881,-0.93,17,56
882,0.52,17,57
883,0.98,17,58
884,1,17,59
885,-1,17,60
886,-1,17,61
887,-1,17,62
888,-1,17,63
889,-1,17,64
890,-1,17,65
891,-1,17,66
892,-1,17,67
893,-1,18,19
894,-1,18,20
895,-1,18,21
896,-1,18,22
897,-1,18,23
898,1,18,24
899,1,18,25
900,1,18,26
901,1,18,27
902,1,18,28
903,1,18,29
904,1,18,30
905,1,18,31
906,1,18,32
907,1,18,33
908,1,18,34
909,1,18,35
910,1,18,36
911,1,18,37
912,1,18,38
913,-1,18,39
914,-1,18,40
915,-1,18,41
916,-1,18,42
917,-1,18,43
918,-1,18,44
919,-1,18,45
920,-1,18,46
921,1,18,47
922,1,18,48
923,1,18,49
924,1,18,50
925,1,18,51
926,1,18,52
927,1,18,53
928,1,18,54
929,1,18,55
930,1,18,56
931,1,18,57
932,1,18,58
933,1,18,59
934,-1,18,60
935,-1,18,61
936,0.98,18,62
937,-1,18,63
938,-1,18,64
939,-1,18,65
940,-0.79,18,66
941,-1,18,67
942,-1,19,20
943,-1,19,21
944,-1,19,22
945,-1,19,23
946,1,19,24
947,1,19,25
948,1,19,26
949,1,19,27
950,1,19,28
951,1,19,29
952,1,19,30
953,1,19,31
954,1,19,32
955,1,19,33
956,1,19,34
957,1,19,35
958,1,19,36
959,1,19,37
960,1,19,38
961,-1,19,39
962,-1,19,40
963,-1,19,41
964,-1,19,42
965,-1,19,43
966,-1,19,44
967,-1,19,45
968,-1,19,46
969,1,19,47
970,1,19,48
971,1,19,49
972,1,19,50
973,1,19,51
974,1,19,52
975,1,19,53
976,1,19,54
977,1,19,55
978,1,19,56
979,1,19,57
980,1,19,58
981,1,19,59
982,-1,19,60
983,-1,19,61
984,-0.17,19,62
985,-1,19,63
986,-1,19,64
987,-1,19,65
988,-1,19,66
989,-1,19,67
990,-1,20,21
991,-1,20,22
992,-1,20,23
993,1,20,24
994,1,20,25
995,1,20,26
996,1,20,27
997,1,20,28
998,1,20,29
999,1,20,30
1000,1,20,31
1001,1,20,32
1002,1,20,33
1003,1,20,34
1004,1,20,35
1005,1,20,36
1006,0.48,20,37
1007,1,20,38
1008,-1,20,39
1009,-1,20,40
1010,-1,20,41
1011,-1,20,42
1012,-1,20,43
1013,-1,20,44
1014,-1,20,45
1015,-1,20,46
1016,1,20,47
1017,1,20,48
1018,1,20,49
1019,1,20,50
1020,1,20,51
1021,1,20,52
1022,1,20,53
1023,1,20,54
1024,0.58,20,55
1025,-0.98,20,56
1026,0.89,20,57
1027,1,20,58
1028,1,20,59
1029,-1,20,60
1030,-1,20,61
1031,-1,20,62
1032,-1,20,63
1033,-1,20,64
1034,-1,20,65
1035,-1,20,66
1036,-1,20,67
1037,-1,21,22
1038,-1,21,23
1039,1,21,24
1040,1,21,25
1041,1,21,26
1042,1,21,27
1043,1,21,28
1044,1,21,29
1045,1,21,30
1046,1,21,31
1047,1,21,32
1048,1,21,33
1049,1,21,34
1050,1,21,35
1051,1,21,36
1052,1,21,37
1053,1,21,38
1054,-1,21,39
1055,-1,21,40
1056,-1,21,41
1057,-1,21,42
1058,-1,21,43
1059,-1,21,44
1060,-1,21,45
1061,-1,21,46
1062,1,21,47
1063,1,21,48
1064,1,21,49
1065,1,21,50
1066,1,21,51
1067,1,21,52
1068,1,21,53
1069,1,21,54
1070,1,21,55
1071,1,21,56
1072,1,21,57
1073,1,21,58
1074,1,21,59
1075,-1,21,60
1076,-1,21,61
1077,0.6,21,62
1078,-1,21,63
1079,-1,21,64
1080,-1,21,65
1081,-0.91,21,66
1082,-1,21,67
1083,-1,22,23
1084,1,22,24
1085,1,22,25
1086,1,22,26
1087,1,22,27
1088,1,22,28
1089,1,22,29
1090,1,22,30
1091,1,22,31
1092,1,22,32
1093,1,22,33
1094,1,22,34
1095,1,22,35
1096,1,22,36
1097,1,22,37
1098,1,22,38
1099,-1,22,39
1100,-1,22,40
1101,-1,22,41
1102,-1,22,42
1103,-1,22,43
1104,-1,22,44
1105,-1,22,45
1106,-1,22,46
1107,1,22,47
1108,1,22,48
1109,1,22,49
1110,1,22,50
1111,1,22,51
1112,1,22,52
1113,1,22,53
1114,1,22,54
1115,1,22,55
1116,1,22,56
1117,1,22,57
1118,1,22,58
1119,1,22,59
1120,-1,22,60
1121,-1,22,61
1122,-0.79,22,62
1123,-1,22,63
1124,-1,22,64
1125,-1,22,65
1126,-0.99,22,66
1127,-1,22,67
1128,1,23,24
1129,1,23,25
1130,1,23,26
1131,1,23,27
1132,1,23,28
1133,1,23,29
1134,1,23,30
1135,1,23,31
1136,1,23,32
1137,1,23,33
1138,1,23,34
1139,1,23,35
1140,1,23,36
1141,1,23,37
1142,1,23,38
1143,-1,23,39
1144,-1,23,40
1145,-1,23,41
1146,-1,23,42
1147,-1,23,43
1148,-1,23,44
1149,-1,23,45
1150,-1,23,46
1151,1,23,47
1152,1,23,48
1153,1,23,49
1154,1,23,50
1155,1,23,51
1156,1,23,52
1157,1,23,53
1158,1,23,54
1159,1,23,55
1160,0.25,23,56
1161,0.99,23,57
1162,1,23,58
1163,1,23,59
1164,-1,23,60
1165,-1,23,61
1166,-1,23,62
1167,-1,23,63
1168,-1,23,64
1169,-1,23,65
1170,-1,23,66
1171,-1,23,67
1172,-1,24,25
1173,1,24,26
1174,-1,24,27
1175,-1,24,28
1176,1,24,29
1177,-1,24,30
1178,-1,24,31
1179,1,24,32
1180,1,24,33
1181,1,24,34
1182,1,24,35
1183,1,24,36
1184,1,24,37
1185,1,24,38
1186,1,24,39
1187,1,24,40
1188,1,24,41
1189,1,24,42
1190,1,24,43
1191,1,24,44
1192,1,24,45
1193,1,24,46
1194,-1,24,47
1195,-1,24,48
1196,1,24,49
1197,-1,24,50
1198,-1,24,51
1199,1,24,52
1200,-1,24,53
1201,1,24,54
1202,1,24,55
1203,1,24,56
1204,1,24,57
1205,1,24,58
1206,-0.42,24,59
1207,1,24,60
1208,1,24,61
1209,1,24,62
1210,1,24,63
1211,1,24,64
1212,1,24,65
1213,1,24,66
1214,1,24,67
1215,-0.95,25,26
1216,-1,25,27
1217,-1,25,28
1218,-1,25,29
1219,-1,25,30
1220,-1,25,31
1221,1,25,32
1222,1,25,33
1223,1,25,34
1224,1,25,35
1225,1,25,36
1226,1,25,37
1227,1,25,38
1228,1,25,39
1229,1,25,40
1230,1,25,41
1231,1,25,42
1232,1,25,43
1233,1,25,44
1234,1,25,45
1235,1,25,46
1236,-1,25,47
1237,-1,25,48
1238,-1,25,49
1239,-1,25,50
1240,-1,25,51
1241,-1,25,52
1242,-1,25,53
1243,1,25,54
1244,1,25,55
1245,1,25,56
1246,1,25,57
1247,1,25,58
1248,0.18,25,59
1249,1,25,60
1250,1,25,61
1251,1,25,62
1252,1,25,63
1253,1,25,64
1254,1,25,65
1255,1,25,66
1256,1,25,67
1257,1,26,27
1258,0.4,26,28
1259,-1,26,29
1260,1,26,30
1261,-0.87,26,31
1262,1,26,32
1263,1,26,33
1264,0.99,26,34
1265,1,26,35
1266,0.96,26,36
1267,-0.89,26,37
1268,1,26,38
1269,1,26,39
1270,1,26,40
1271,1,26,41
1272,1,26,42
1273,1,26,43
1274,1,26,44
1275,1,26,45
1276,1,26,46
1277,1,26,47
1278,-1,26,48
1279,-1,26,49
1280,1,26,50
1281,-0.96,26,51
1282,-1,26,52
1283,-0.93,26,53
1284,1,26,54
1285,0.82,26,55
1286,-0.28,26,56
1287,0.08,26,57
1288,0.2,26,58
1289,1,26,59
1290,1,26,60
1291,1,26,61
1292,0.72,26,62
1293,1,26,63
1294,1,26,64
1295,1,26,65
1296,1,26,66
1297,1,26,67
1298,-1,27,28
1299,0.98,27,29
1300,-1,27,30
1301,-1,27,31
1302,1,27,32
1303,1,27,33
1304,1,27,34
1305,1,27,35
1306,1,27,36
1307,1,27,37
1308,0.93,27,38
1309,1,27,39
1310,1,27,40
1311,1,27,41
1312,1,27,42
1313,1,27,43
1314,1,27,44
1315,1,27,45
1316,1,27,46
1317,-1,27,47
1318,-1,27,48
1319,1,27,49
1320,-1,27,50
1321,-1,27,51
1322,1,27,52
1323,-1,27,53
1324,1,27,54
1325,1,27,55
1326,1,27,56
1327,1,27,57
1328,1,27,58
1329,-0.81,27,59
1330,1,27,60
1331,1,27,61
1332,1,27,62
1333,1,27,63
1334,1,27,64
1335,1,27,65
1336,1,27,66
1337,1,27,67
1338,-1,28,29
1339,-1,28,30
1340,-1,28,31
1341,1,28,32
1342,1,28,33
1343,1,28,34
1344,1,28,35
1345,1,28,36
1346,1,28,37
1347,1,28,38
1348,1,28,39
1349,1,28,40
1350,1,28,41
1351,1,28,42
1352,1,28,43
1353,1,28,44
1354,1,28,45
1355,1,28,46
1356,-1,28,47
1357,-1,28,48
1358,0.12,28,49
1359,-1,28,50
1360,-1,28,51
1361,-0.73,28,52
1362,-1,28,53
1363,1,28,54
1364,1,28,55
1365,1,28,56
1366,1,28,57
1367,1,28,58
1368,-0.06,28,59
1369,1,28,60
1370,1,28,61
1371,1,28,62
1372,1,28,63
1373,1,28,64
1374,1,28,65
1375,1,28,66
1376,1,28,67
1377,0.95,29,30
1378,-1,29,31
1379,1,29,32
1380,1,29,33
1381,1,29,34
1382,1,29,35
1383,1,29,36
1384,0.89,29,37
1385,1,29,38
1386,1,29,39
1387,1,29,40
1388,1,29,41
1389,1,29,42
1390,1,29,43
1391,1,29,44
1392,1,29,45
1393,1,29,46
1394,0.95,29,47
1395,-1,29,48
1396,-1,29,49
1397,1,29,50
1398,-1,29,51
1399,-1,29,52
1400,-1,29,53
1401,1,29,54
1402,1,29,55
1403,1,29,56
1404,1,29,57
1405,1,29,58
1406,0.68,29,59
1407,1,29,60
1408,1,29,61
1409,1,29,62
1410,1,29,63
1411,1,29,64
1412,1,29,65
1413,1,29,66
1414,1,29,67
1415,-1,30,31
1416,1,30,32
1417,1,30,33
1418,1,30,34
1419,1,30,35
1420,1,30,36
1421,1,30,37
1422,1,30,38
1423,1,30,39
1424,1,30,40
1425,1,30,41
1426,1,30,42
1427,1,30,43
1428,1,30,44
1429,1,30,45
1430,1,30,46
1431,-1,30,47
1432,-1,30,48
1433,1,30,49
1434,-1,30,50
1435,-1,30,51
1436,1,30,52
1437,-1,30,53
1438,1,30,54
1439,1,30,55
1440,1,30,56
1441,1,30,57
1442,1,30,58
1443,0.29,30,59
1444,1,30,60
1445,1,30,61
1446,1,30,62
1447,1,30,63
1448,1,30,64
1449,1,30,65
1450,1,30,66
1451,1,30,67
1452,1,31,32
1453,1,31,33
1454,1,31,34
1455,1,31,35
1456,1,31,36
1457,1,31,37
1458,1,31,38
1459,1,31,39
1460,1,31,40
1461,1,31,41
1462,1,31,42
1463,1,31,43
1464,1,31,44
1465,1,31,45
1466,1,31,46
1467,-1,31,47
1468,-1,31,48
1469,-0.99,31,49
1470,-1,31,50
1471,-1,31,51
1472,-1,31,52
1473,-1,31,53
1474,1,31,54
1475,1,31,55
1476,1,31,56
1477,1,31,57
1478,1,31,58
1479,-0.23,31,59
1480,1,31,60
1481,1,31,61
1482,1,31,62
1483,1,31,63
1484,1,31,64
1485,1,31,65
1486,1,31,66
1487,1,31,67
1488,-1,32,33
1489,-1,32,34
1490,-1,32,35
1491,-1,32,36
1492,-1,32,37
1493,-1,32,38
1494,1,32,39
1495,1,32,40
1496,1,32,41
1497,1,32,42
1498,1,32,43
1499,1,32,44
1500,1,32,45
1501,1,32,46
1502,1,32,47
1503,1,32,48
1504,1,32,49
1505,1,32,50
1506,0.98,32,51
1507,1,32,52
1508,1,32,53
1509,-1,32,54
1510,-1,32,55
1511,-1,32,56
1512,-1,32,57
1513,-1,32,58
1514,-1,32,59
1515,1,32,60
1516,1,32,61
1517,0.97,32,62
1518,1,32,63
1519,1,32,64
1520,1,32,65
1521,1,32,66
1522,1,32,67
1523,-1,33,34
1524,-1,33,35
1525,-1,33,36
1526,-1,33,37
1527,-1,33,38
1528,1,33,39
1529,1,33,40
1530,1,33,41
1531,1,33,42
1532,1,33,43
1533,1,33,44
1534,1,33,45
1535,1,33,46
1536,1,33,47
1537,1,33,48
1538,1,33,49
1539,1,33,50
1540,0.85,33,51
1541,1,33,52
1542,1,33,53
1543,-1,33,54
1544,-1,33,55
1545,-1,33,56
1546,-1,33,57
1547,-1,33,58
1548,-1,33,59
1549,1,33,60
1550,1,33,61
1551,0.95,33,62
1552,1,33,63
1553,1,33,64
1554,1,33,65
1555,1,33,66
1556,1,33,67
1557,-1,34,35
1558,-1,34,36
1559,-1,34,37
1560,-1,34,38
1561,1,34,39
1562,1,34,40
1563,0.98,34,41
1564,1,34,42
1565,1,34,43
1566,1,34,44
1567,1,34,45
1568,1,34,46
1569,1,34,47
1570,1,34,48
1571,1,34,49
1572,1,34,50
1573,1,34,51
1574,1,34,52
1575,1,34,53
1576,-1,34,54
1577,-1,34,55
1578,-1,34,56
1579,-1,34,57
1580,-1,34,58
1581,-1,34,59
1582,1,34,60
1583,1,34,61
1584,-1,34,62
1585,1,34,63
1586,1,34,64
1587,1,34,65
1588,1,34,66
1589,1,34,67
1590,-1,35,36
1591,-1,35,37
1592,-1,35,38
1593,1,35,39
1594,1,35,40
1595,1,35,41
1596,1,35,42
1597,1,35,43
1598,1,35,44
1599,1,35,45
1600,1,35,46
1601,1,35,47
1602,1,35,48
1603,1,35,49
1604,1,35,50
1605,0.78,35,51
1606,1,35,52
1607,1,35,53
1608,-1,35,54
1609,-1,35,55
1610,-0.98,35,56
1611,-1,35,57
1612,-1,35,58
1613,-1,35,59
1614,1,35,60
1615,1,35,61
1616,1,35,62
1617,1,35,63
1618,1,35,64
1619,1,35,65
1620,1,35,66
1621,1,35,67
1622,-1,36,37
1623,-1,36,38
1624,1,36,39
1625,1,36,40
1626,1,36,41
1627,1,36,42
1628,1,36,43
1629,1,36,44
1630,1,36,45
1631,1,36,46
1632,1,36,47
1633,1,36,48
1634,1,36,49
1635,1,36,50
1636,0.23,36,51
1637,0.99,36,52
1638,1,36,53
1639,-1,36,54
1640,-1,36,55
1641,-1,36,56
1642,-1,36,57
1643,-1,36,58
1644,-1,36,59
1645,1,36,60
1646,1,36,61
1647,0.35,36,62
1648,1,36,63
1649,1,36,64
1650,1,36,65
1651,1,36,66
1652,1,36,67
1653,-0.69,37,38
1654,1,37,39
1655,0.99,37,40
1656,-0.67,37,41
1657,1,37,42
1658,1,37,43
1659,1,37,44
1660,1,37,45
1661,1,37,46
1662,1,37,47
1663,1,37,48
1664,1,37,49
1665,1,37,50
1666,0.82,37,51
1667,0.52,37,52
1668,1,37,53
1669,-1,37,54
1670,-1,37,55
1671,-1,37,56
1672,-1,37,57
1673,-1,37,58
1674,-0.96,37,59
1675,1,37,60
1676,1,37,61
1677,-1,37,62
1678,1,37,63
1679,0.74,37,64
1680,1,37,65
1681,1,37,66
1682,1,37,67
1683,1,38,39
1684,1,38,40
1685,1,38,41
1686,1,38,42
1687,1,38,43
1688,1,38,44
1689,1,38,45
1690,1,38,46
1691,0.95,38,47
1692,1,38,48
1693,1,38,49
1694,0.96,38,50
1695,0.97,38,51
1696,1,38,52
1697,1,38,53
1698,-1,38,54
1699,0.38,38,55
1700,1,38,56
1701,0.99,38,57
1702,-0.63,38,58
1703,-1,38,59
1704,1,38,60
1705,1,38,61
1706,1,38,62
1707,1,38,63
1708,1,38,64
1709,1,38,65
1710,1,38,66
1711,1,38,67
1712,-1,39,40
1713,-1,39,41
1714,-1,39,42
1715,-1,39,43
1716,-1,39,44
1717,-1,39,45
1718,-1,39,46
1719,1,39,47
1720,1,39,48
1721,1,39,49
1722,1,39,50
1723,1,39,51
1724,1,39,52
1725,1,39,53
1726,1,39,54
1727,1,39,55
1728,0.92,39,56
1729,1,39,57
1730,1,39,58
1731,1,39,59
1732,-1,39,60
1733,-1,39,61
1734,-1,39,62
1735,-1,39,63
1736,-1,39,64
1737,-1,39,65
1738,-0.99,39,66
1739,-1,39,67
1740,-1,40,41
1741,-1,40,42
1742,-1,40,43
1743,-1,40,44
1744,-1,40,45
1745,-1,40,46
1746,1,40,47
1747,1,40,48
1748,1,40,49
1749,1,40,50
1750,1,40,51
1751,1,40,52
1752,1,40,53
1753,1,40,54
1754,1,40,55
1755,-0.34,40,56
1756,0.07,40,57
1757,0.98,40,58
1758,1,40,59
1759,-1,40,60
1760,-1,40,61
1761,-1,40,62
1762,-1,40,63
1763,-1,40,64
1764,-1,40,65
1765,-0.69,40,66
1766,-1,40,67
1767,-1,41,42
1768,-1,41,43
1769,-1,41,44
1770,-1,41,45
1771,-1,41,46
1772,1,41,47
1773,1,41,48
1774,1,41,49
1775,1,41,50
1776,1,41,51
1777,1,41,52
1778,1,41,53
1779,1,41,54
1780,-0.27,41,55
1781,-1,41,56
1782,-0.35,41,57
1783,0.73,41,58
1784,1,41,59
1785,-1,41,60
1786,-1,41,61
1787,-1,41,62
1788,-1,41,63
1789,-1,41,64
1790,-1,41,65
1791,-1,41,66
1792,-1,41,67
1793,-1,42,43
1794,-1,42,44
1795,-1,42,45
1796,-1,42,46
1797,1,42,47
1798,1,42,48
1799,1,42,49
1800,1,42,50
1801,1,42,51
1802,1,42,52
1803,1,42,53
1804,1,42,54
1805,1,42,55
1806,0.98,42,56
1807,1,42,57
1808,1,42,58
1809,1,42,59
1810,-1,42,60
1811,-1,42,61
1812,-0.99,42,62
1813,-1,42,63
1814,-1,42,64
1815,-1,42,65
1816,-0.93,42,66
1817,-1,42,67
1818,-1,43,44
1819,-1,43,45
1820,-1,43,46
1821,1,43,47
1822,1,43,48
1823,1,43,49
1824,1,43,50
1825,1,43,51
1826,1,43,52
1827,1,43,53
1828,1,43,54
1829,1,43,55
1830,0.54,43,56
1831,1,43,57
1832,1,43,58
1833,1,43,59
1834,-1,43,60
1835,-1,43,61
1836,-1,43,62
1837,-1,43,63
1838,-1,43,64
1839,-1,43,65
1840,-1,43,66
1841,-1,43,67
1842,-1,44,45
1843,-1,44,46
1844,1,44,47
1845,1,44,48
1846,1,44,49
1847,1,44,50
1848,1,44,51
1849,1,44,52
1850,1,44,53
1851,1,44,54
1852,1,44,55
1853,1,44,56
1854,1,44,57
1855,1,44,58
1856,1,44,59
1857,-1,44,60
1858,-1,44,61
1859,-0.98,44,62
1860,-1,44,63
1861,-1,44,64
1862,-1,44,65
1863,-1,44,66
1864,-1,44,67
1865,-1,45,46
1866,1,45,47
1867,1,45,48
1868,1,45,49
1869,1,45,50
1870,1,45,51
1871,1,45,52
1872,1,45,53
1873,1,45,54
1874,1,45,55
1875,1,45,56
1876,1,45,57
1877,1,45,58
1878,1,45,59
1879,-1,45,60
1880,-1,45,61
1881,-0.95,45,62
1882,-1,45,63
1883,-1,45,64
1884,-1,45,65
1885,-1,45,66
1886,-1,45,67
1887,1,46,47
1888,1,46,48
1889,1,46,49
1890,1,46,50
1891,1,46,51
1892,1,46,52
1893,1,46,53
1894,1,46,54
1895,1,46,55
1896,1,46,56
1897,1,46,57
1898,1,46,58
1899,1,46,59
1900,-1,46,60
1901,-1,46,61
1902,-1,46,62
1903,-1,46,63
1904,-1,46,64
1905,-1,46,65
1906,-1,46,66
1907,-1,46,67
1908,-1,47,48
1909,1,47,49
1910,-1,47,50
1911,-1,47,51
1912,1,47,52
1913,-1,47,53
1914,1,47,54
1915,1,47,55
1916,1,47,56
1917,1,47,57
1918,1,47,58
1919,-0.8,47,59
1920,1,47,60
1921,1,47,61
1922,1,47,62
1923,1,47,63
1924,1,47,64
1925,1,47,65
1926,1,47,66
1927,1,47,67
1928,-1,48,49
1929,-1,48,50
1930,-1,48,51
1931,-1,48,52
1932,-1,48,53
1933,1,48,54
1934,1,48,55
1935,1,48,56
1936,1,48,57
1937,1,48,58
1938,0.57,48,59
1939,1,48,60
1940,1,48,61
1941,1,48,62
1942,1,48,63
1943,1,48,64
1944,1,48,65
1945,1,48,66
1946,1,48,67
1947,1,49,50
1948,-0.98,49,51
1949,-1,49,52
1950,-1,49,53
1951,1,49,54
1952,1,49,55
1953,1,49,56
1954,1,49,57
1955,1,49,58
1956,0.94,49,59
1957,1,49,60
1958,1,49,61
1959,1,49,62
1960,1,49,63
1961,1,49,64
1962,1,49,65
1963,1,49,66
1964,1,49,67
1965,-1,50,51
1966,1,50,52
1967,-1,50,53
1968,1,50,54
1969,1,50,55
1970,1,50,56
1971,1,50,57
1972,1,50,58
1973,-0.8,50,59
1974,1,50,60
1975,1,50,61
1976,1,50,62
1977,1,50,63
1978,1,50,64
1979,1,50,65
1980,1,50,66
1981,1,50,67
1982,-1,51,52
1983,-1,51,53
1984,1,51,54
1985,0.99,51,55
1986,0.93,51,56
1987,-0.05,51,57
1988,0.2,51,58
1989,-0.9,51,59
1990,1,51,60
1991,1,51,61
1992,1,51,62
1993,1,51,63
1994,1,51,64
1995,1,51,65
1996,1,51,66
1997,1,51,67
1998,-1,52,53
1999,1,52,54
2000,1,52,55
2001,0.98,52,56
2002,0.94,52,57
2003,0.97,52,58
2004,0.85,52,59
2005,1,52,60
2006,1,52,61
2007,0.97,52,62
2008,1,52,63
2009,1,52,64
2010,1,52,65
2011,1,52,66
2012,1,52,67
2013,1,53,54
2014,1,53,55
2015,1,53,56
2016,1,53,57
2017,1,53,58
2018,-0.03,53,59
2019,1,53,60
2020,1,53,61
2021,1,53,62
2022,1,53,63
2023,1,53,64
2024,1,53,65
2025,1,53,66
2026,1,1,49
2027,-1,1,50
2028,-1,1,51
2029,1,1,52
2030,-1,1,53
2031,1,1,54
2032,1,1,55
2033,1,1,56
2034,1,1,57
2035,1,1,58
2036,-0.71,1,59
2037,1,1,60
2038,1,1,61
2039,1,1,62
2040,1,1,63
2041,1,1,64
2042,1,1,65
2043,1,1,66
2044,1,1,67
2045,-1,2,3
2046,-1,2,4
2047,-1,2,5
2048,-1,2,6
2049,1,2,7
2050,1,2,8
2051,1,2,9
2052,1,2,10
2053,1,2,11
2054,1,2,12
2055,1,2,13
2056,1,2,14
2057,1,2,15
2058,1,2,16
2059,1,2,17
2060,1,2,18
2061,1,2,19
2062,1,2,20
2063,1,2,21
2064,1,2,22
2065,1,2,23
2066,-1,2,24
2067,-1,2,25
2068,0.72,2,26
2069,-1,2,27
2070,-1,2,28
2071,-1,2,29
2072,-1,2,30
2073,1,57,67
2074,-0.83,58,59
2075,1,58,60
2076,1,58,61
2077,-1,58,62
2078,1,58,63
2079,1,58,64
2080,1,58,65
2081,1,58,66
2082,1,58,67
2083,1,59,60
2084,1,59,61
2085,1,59,62
2086,1,59,63
2087,1,59,64
2088,1,59,65
2089,1,59,66
2090,1,59,67
2091,-1,60,61
2092,-0.77,60,62
2093,-1,60,63
2094,-1,60,64
2095,-1,60,65
2096,-0.75,60,66
2097,-1,60,67
2098,-1,61,62
2099,-1,61,63
2100,-1,61,64
2101,-1,61,65
2102,-0.99,61,66
2103,-1,61,67
2104,-1,62,63
2105,-1,62,64
2106,-1,62,65
2107,-0.89,62,66
2108,0.44,62,67
2109,-1,63,64
2110,-1,63,65
2111,-1,63,66
2112,-1,63,67
2113,-1,64,65
2114,-0.79,64,66
2115,-1,64,67
2116,-1,65,66
2117,-1,65,67
2118,-0.99,66,67
2119,1,3,14
2120,1,3,15
2121,1,3,16
2122,1,3,17
2123,1,3,18
2124,1,3,19
2125,1,3,20
2126,1,3,21
2127,1,3,22
2128,1,3,23
2129,-1,3,24
2130,-1,3,25
2131,1,3,26
2132,-1,3,27
2133,-1,3,28
2134,0.89,3,29
2135,-1,3,30
2136,-1,3,31
2137,1,3,32
2138,1,3,33
2139,1,3,34
2140,1,3,35
2141,1,3,36
2142,1,3,37
2143,1,3,38
2144,1,3,39
2145,1,3,40
2146,1,3,41
2147,1,3,42
2148,1,3,43
2149,1,3,44
2150,1,3,45
2151,1,3,46
2152,-1,3,47
2153,-1,3,48
2154,1,3,49
2155,-1,3,50
2156,-1,3,51
2157,0.99,3,52
2158,-1,3,53
2159,1,3,54
2160,1,3,55
2161,1,3,56
2162,1,3,57
2163,1,3,58
2164,-0.2,3,59
2165,-1,1,2
2166,-1,1,3
2167,-1,1,4
2168,-1,1,5
2169,-0.99,1,6
2170,1,1,7
2171,1,1,8
2172,1,1,9
2173,1,1,10
2174,1,1,11
2175,1,1,12
2176,0.86,1,13
2177,1,1,14
2178,1,1,15
2179,1,1,16
2180,1,1,17
2181,1,1,18
2182,1,1,19
2183,1,1,20
2184,1,1,21
2185,1,1,22
2186,1,1,23
2187,-1,1,24
2188,-1,1,25
2189,1,1,26
2190,-1,1,27
2191,-1,1,28
2192,0.98,1,29
2193,-1,1,30
2194,-1,1,31
2195,1,1,32
2196,1,1,33
2197,1,1,34
2198,1,1,35
2199,1,1,36
2200,1,1,37
2201,0.97,1,38
2202,1,1,39
2203,1,1,40
2204,1,1,41
2205,1,1,42
2206,1,1,43
2207,1,1,44
2208,1,1,45
2209,1,1,46
2210,-1,1,47
2211,-1,1,48
